SAMPLE_ID,NMFS_DNA_ID,collection,PofZ,z_score
16-0237,NF000612,Pribilof,0.9854425368987186,1.2495546154030488
16-0238,NF000613,StMatthew,0.9864135442677747,0.350019406713466
16-0241,NF000616,StMatthew,0.9866516704714925,0.43493458424065445
16-0242,NF000617,Semidi,0.9981192518250652,1.53211468731109
16-0243,NF000618,Chagulak,0.9999775695160947,-1.321390132686259
16-0244,NF000619,Pribilof,0.9976446406299851,2.079471563125311
16-0245,NF000620,Semidi,0.9511764521548574,1.533391967588746
16-0247,NF000622,Semidi,0.9865675562102192,2.4843467640587793
16-0249,NF000624,Chagulak,0.9985064517678244,-0.6362092802503198
16-0250,NF000625,Chagulak,0.9998268220604534,0.32038502799825436
16-0251,NF000626,Chagulak,0.9999471761488916,0.23176168446352713
16-0252,NF000627,Semidi,0.9997622255378934,0.634327538466743
16-0257,NF000632,StMatthew,0.9896012624318957,1.300167094692589
16-0258,NF000633,Chagulak,0.9998144040664393,-1.258376594311787
16-0260,NF000635,StMatthew,0.9989303102708664,0.7910131380939851
16-0262,NF000637,Semidi,0.9947557165465817,0.20758494823688295
16-0263,NF000638,StMatthew,0.9991494944017232,0.660783085940529
16-0265,NF000640,Semidi,0.9966987366484551,0.43535122696766393
16-0270,NF000644,Pribilof,0.9862733729135073,1.8374392381250222
16-0271,NF000645,Chagulak,0.9804298261711251,0.0064535213221992484
16-0272,NF000646,Semidi,0.9943446707231265,1.4193823849788938
16-0273,NF000647,Chagulak,0.9987549122682493,1.7790347876032533
16-0274,NF000648,Chagulak,0.9989776637278063,0.7888098737677657
16-0275,NF000649,StMatthew,0.9894988656366812,1.739636340977293
16-0277,NF000651,StMatthew,0.9996177431447952,0.051659025059690784
16-0278,NF000652,Semidi,0.9999875582920841,-0.3719434349892768
16-0279,NF000653,Pribilof,0.9963206696322466,-0.42924761435712283
16-0418,NF000657,StMatthew,0.9987179885154255,0.4729281231112361
16-0419,NF000658,StMatthew,0.9999728922274704,0.5752398734729721
16-0420,NF000659,Chagulak,0.9998030806485412,-0.8842805592090116
16-0421,NF000660,Semidi,0.9998967483892407,0.8957927125597177
16-0423,NF000662,StMatthew,0.9953598713381091,-0.44674121931125443
16-0424,NF000663,Semidi,0.9990739029941907,-0.03491766793706966
16-0425,NF000664,Pribilof,0.9998673983520271,0.03603666959592544
16-0427,NF000666,Pribilof,0.9997297251887313,1.0065724949619343
16-0428,NF000667,Pribilof,0.9984780299294188,1.4402517990513894
16-0429,NF000668,Semidi,0.9997383200848302,1.2886682624180712
17-0191,NF000669,Chagulak,0.9999095817567961,-0.45453544861716566
17-0192,NF000670,Pribilof,0.9969971552869873,0.4918185554616823
17-0193,NF000671,Pribilof,0.9964668670446277,0.9018462640176999
17-0195,NF000673,Pribilof,0.9888946325202242,0.8668043303171284
17-0197,NF000675,StMatthew,0.9963571183860903,0.5347318620012702
17-0198,NF000676,StMatthew,0.999664840244969,-0.16475128029022282
17-0199,NF000677,StMatthew,0.9999973959668663,1.1060861325042497
17-0200,NF000678,Semidi,0.9587722363797803,0.6129355372646855
17-0204,NF000681,Semidi,0.9907475912471704,0.31493707884544087
17-0206,NF000683,Semidi,0.9995851790145526,0.6705724577600628
17-0210,NF000686,Pribilof,0.9999734107948466,-0.03919022894598944
17-0212,NF000688,Semidi,0.9948958666785553,0.9621536073898584
17-0214,NF000690,Semidi,0.9977517758363917,-0.2913648433315709
17-0215,NF000691,Chagulak,0.993654866922744,-0.6549780032607422
17-0216,NF000692,Semidi,0.9999656503083031,-0.03760418193169951
17-0218,NF000694,Semidi,0.9889384131557425,0.04699954213879836
17-0240,NF000697,Semidi,0.9992708313334129,-0.572477765570351
17-0242,NF000699,StMatthew,0.9999975188286336,-1.9415876818884683
17-0243,NF000700,StMatthew,0.9989150765417697,1.7180501980935365
17-0244,NF000701,StMatthew,0.9840773523140823,-0.2848923272493239
17-0245,NF000702,StMatthew,0.9972056120761582,1.152531014921733
17-0247,NF000704,StMatthew,0.9845699944957218,0.5552806452304391
17-0248,NF000705,Semidi,0.9996190536983276,-0.02837477396722898
17-0249,NF000706,Pribilof,0.9998915082646808,1.287102515514168
17-0250,NF000707,Pribilof,0.9997957987991352,0.2425895432948494
17-0251,NF000708,StMatthew,0.9986281350618671,-0.5758809764563347
17-0254,NF000711,Pribilof,0.9987495229073292,0.43385831686726795
17-0257,NF000714,Chagulak,0.9864277679535665,-1.9819883158337104
17-0259,NF000716,Semidi,0.9995021679488273,1.0094815561068589
17-0260,NF000717,Semidi,0.9927028506859011,2.098997181077409
17-0262,NF000719,Semidi,0.9980230504412166,0.383726201235555
17-0266,NF000723,StMatthew,0.9981201905680688,0.9388017554532941
17-0267,NF000724,Semidi,0.9925558794723145,-0.5119228409563662
17-0268,NF000725,Pribilof,0.9951878443345009,0.3583846611159784
17-0276,NF000730,StMatthew,0.9697888535920944,1.215676905440328
17-0315,NF000734,Pribilof,0.9967969747242714,0.47039438811199946
17-0316,NF000735,Pribilof,0.999567251537744,1.1213707208090309
17-0317,NF000736,StMatthew,0.9785141553849329,-0.3803104533204927
17-0342,NF000737,StMatthew,0.9996699054665397,0.6561896712789613
17-0343,NF000738,Pribilof,0.999406994891707,0.9407697501954152
17-0344,NF000739,StMatthew,0.9997300663423782,-0.4172119873161387
17-0345,NF000740,StMatthew,0.9995348942654463,-1.2869233526921702
17-0347,NF000742,StMatthew,0.9969387790005095,0.7665393509987403
17-0351,NF000743,Pribilof,0.9996019342035866,-0.17216795912391497
17-0353,NF000745,Pribilof,0.9999130546735165,0.9469123673123033
17-0355,NF000746,StMatthew,0.9974345015027393,-0.4068317217407034
17-0356,NF000747,StMatthew,0.9989414072587295,-0.7122018960436821
17-0357,NF000748,Pribilof,0.9999434022284958,0.5396845092378995
17-0359,NF000750,Semidi,0.999942969962346,0.8651842591923488
17-0361,NF000752,Semidi,0.9886486329487683,1.3091029687000528
17-0362,NF000753,Semidi,0.9979639309625321,0.809477790942731
17-0364,NF000754,Chagulak,0.9998954436026077,-0.12172432540389072
17-0365,NF000755,StMatthew,0.9961865963842806,0.798948638454775
17-0366,NF000756,Semidi,0.9998745435906167,0.1314426650639439
17-0368,NF000758,Semidi,0.9981051730522912,0.39267119744704954
17-0370,NF000760,StMatthew,0.9926858660218352,-0.23819802195466663
17-0371,NF000761,StMatthew,0.9900125853681646,0.9830516443193045
17-0372,NF000762,Chagulak,0.999781157014957,-0.020297111818009497
17-0375,NF000765,Semidi,0.9909212719561544,-0.35567369739296945
17-0376,NF000766,Chagulak,0.9994451812131618,0.20883302880094165
17-0377,NF000767,Chagulak,0.9578222988084286,-1.3558371701728984
17-0378,NF000768,Semidi,0.9989199527775046,0.21942580311406615
17-0382,NF000772,Pribilof,0.9899741592569804,1.6097954993300116
17-0384,NF000774,Chagulak,0.9995695343433686,0.3421816967484324
17-0387,NF000777,Semidi,0.9996447702226872,1.6258922637414832
17-0391,NF000781,Semidi,0.9989430361098984,0.7462069725810497
17-0393,NF000783,Chagulak,0.9997277127691632,0.05759163084320709
17-0395,NF000785,Semidi,0.98635050925811385,-0.31346539054070827
17-0396,NF000786,Pribilof,0.9997087518788627,0.8445271294385417
17-0397,NF000787,StMatthew,0.9999683552349627,-1.9781968321377932
17-0399,NF000789,StMatthew,0.9993601557412163,0.930963314026283
17-0400,NF000790,StMatthew,0.9972127255438402,-1.395055311735309
17-0404,NF000794,Pribilof,0.999225170411982,-1.3914087938829383
17-0405,NF000795,StMatthew,0.9998386867721781,-0.5129686176209306
17-0406,NF000796,Pribilof,0.9991420903061659,1.286169023926447
17-0409,NF000798,StMatthew,0.9917535071692716,-0.5286033446020871
17-0410,NF000799,Semidi,0.978368811482622,0.7941475549117146
17-0411,NF000800,Chagulak,0.9993013688573396,0.11405548140979425
17-0412,NF000801,Pribilof,0.9997983451499131,-1.340740787149615
17-0413,NF000802,Semidi,0.999885507934659,0.8526425396211138
17-0413,NF000804,StMatthew,0.9936563168750518,-0.7259587146255846
17-0414,NF000805,Semidi,0.9989116880260608,0.650290484735135
17-0416,NF000806,Semidi,0.9990342604951264,1.026924325279579
18-0034,NF000810,Semidi,0.9999005774016487,0.9155901110989177
18-0035,NF000811,Semidi,0.9985565939852304,1.3275527354021655
18-0037,NF000813,Semidi,0.9999986968107072,-2.432469387908737
18-0039,NF000815,Semidi,0.9972610926412294,-0.7613993973631197
18-0040,NF000816,Semidi,0.999932910265782,-0.04374366055800544
18-0041,NF000817,Pribilof,0.9994978697863992,1.6822787299773547
18-0043,NF000818,Semidi,0.9976712661530666,1.043983742812104
18-0044,NF000819,Semidi,0.9962673789888956,1.7486514652109297
18-0046,NF000821,Semidi,0.9976478676551439,0.11500103014072836
18-0059,NF000824,Pribilof,0.9966559507489664,0.9207541317697886
18-0060,NF000825,StMatthew,0.997949895148207,-0.1488520117925792
18-0061,NF000826,StMatthew,0.9999681972832067,0.48948514505183394
18-0063,NF000828,StMatthew,0.9992340925415253,-1.0474697235378325
18-0064,NF000829,Semidi,0.9617129306174249,0.8992190943021429
18-0065,NF000830,StMatthew,0.9990723844221858,0.6071751327284592
18-0066,NF000831,Semidi,0.9999352603451178,1.7145336172197179
18-0067,NF000832,StMatthew,0.999917583412833,0.30414421965977667
18-0069,NF000833,StMatthew,0.9930624446094644,0.7540882757531324
18-0070,NF000834,Semidi,0.9976745920337661,0.44150055003989935
18-0071,NF000835,Semidi,0.9996298208039568,0.37382865540063814
18-0074,NF000838,Semidi,0.9898393739157881,0.21789303209516753
18-0075,NF000839,StMatthew,0.9801510983441365,0.9057040331351591
18-0120,NF000844,Semidi,0.9972202034251908,-0.3950312852414047
18-0121,NF000845,Pribilof,0.9939057074223208,-0.6388097192351916
18-0124,NF000848,StMatthew,0.9985907244746914,0.4806808429364539
18-0127,NF000851,Pribilof,0.9875043705176743,0.3254850141451644
18-0128,NF000852,Pribilof,0.9996041110270596,2.0289566852455243
18-0129,NF000853,StMatthew,0.9932318009362169,1.949740203746655
18-0130,NF000854,Chagulak,0.99907882138541515,1.5865757001881111
14-0538,NF000855,StMatthew,0.9996459239898194,0.20217981544996846
14-0540,NF000857,StMatthew,0.9958642031438364,-0.848939470739555
14-0541,NF000858,Pribilof,0.999976250981305,0.22859032355179126
14-0542,NF000859,StMatthew,0.9926156793316544,-0.0016968404470965846
14-0543,NF000860,Semidi,0.9988667047057077,1.3201346255655706
14-0544,NF000861,Chagulak,0.9995461664778229,-0.3540120484884819
14-0545,NF000862,Pribilof,0.999002813965263,2.4534902661550113
14-0688,NF000863,Chagulak,0.9249192644062496,1.4206154431593585
14-0689,NF000864,Semidi,0.9973152372205034,1.1701982252101206
14-0690,NF000865,Pribilof,0.9982292737320113,1.1758797236182454
14-0692,NF000867,Semidi,0.9613230053740053,1.713460993869688
14-0693,NF000868,Pribilof,0.9987493909520072,-0.3094796435920842
14-0694,NF000869,Semidi,0.9883739123981812,1.73401992488629
14-0696,NF000871,Pribilof,0.9978222971142153,1.449260897808983
14-0699,NF000874,StMatthew,0.9999857019446764,-0.427232801901807
14-0700,NF000875,Pribilof,0.9988368961349313,1.4196075406991955
14-0701,NF000876,Pribilof,0.9926007626477854,2.2582193324847903
14-0702,NF000877,StMatthew,0.999836860901697,-0.3121946964793114
14-0703,NF000878,StMatthew,0.9998920119129048,-1.8494245080109135
14-0707,NF000882,StMatthew,0.9996676005532971,2.4274089064586204
14-0708,NF000883,Semidi,0.9940203960043932,-0.49519905860609226
14-0709,NF000884,Semidi,0.9990502385443844,1.5257564048589143
14-0710,NF000885,Pribilof,0.9999819134844424,0.15808963568393533
14-0711,NF000886,StMatthew,0.9998307759893326,-1.032798007086447
14-0712,NF000887,Semidi,0.9528804296938187,1.9079148754988675
14-0714,NF000889,Pribilof,0.9997975269380366,-2.337488158102454
14-0716,NF000891,Semidi,0.9998470009415501,-1.0951463977287952
14-0717,NF000892,Chagulak,0.9187432662738962,0.6516674747188714
14-0718,NF000893,Chagulak,0.9972384378956888,1.2547357658021243
14-0719,NF000894,Semidi,0.9999535103712034,-1.41143705514592
14-0720,NF000895,Semidi,0.9999415210414216,0.5345047220998542
14-0722,NF000897,StMatthew,0.999141778701538,-0.41873661670793966
14-0723,NF000898,Semidi,0.9993322893956328,0.3252629239164425
14-0724,NF000899,Semidi,0.9995583395704182,0.8592547966714627
14-0725,NF000900,Pribilof,0.9996300570778486,1.538219497690303
14-0726,NF000901,Semidi,0.9971079467258707,0.7915127344982475
14-0729,NF000904,StMatthew,0.9998932896332814,0.9637016501149502
14-0731,NF000906,Pribilof,0.9999238869425446,1.2323827935093767
14-0732,NF000907,StMatthew,0.9998982836971061,0.7990354142695193
14-0733,NF000908,Chagulak,0.9987416634793105,0.8214868821147838
15-0138,NF000909,Pribilof,0.9949781452511979,1.4384385366116752
15-0139,NF000910,Semidi,0.9142371663896914,1.0420088456372911
15-0140,NF000911,Semidi,0.9739346449293239,1.220281238159598
15-0141,NF000912,Chagulak,0.9973716960095007,-0.4692109276345529
15-0146,NF000916,Pribilof,0.9936665295671739,1.9407564270210134
15-0148,NF000918,StMatthew,0.9990981407694443,0.4795106438090764
15-0150,NF000919,Pribilof,0.9878159312928084,1.2741473973034065
15-0151,NF000920,StMatthew,0.9998927309264121,-0.08350963029133499
15-0156,NF000922,Pribilof,0.998938204730811,-0.5395341460131945
15-0157,NF000923,Pribilof,0.9958360511929728,-0.3575306531561227
15-0158,NF000924,Semidi,0.9974614996166108,1.5797953694594684
15-0159,NF000925,Semidi,0.9682863993317243,1.759551675411233
15-0160,NF000926,Pribilof,0.9982995369287586,0.38564577463717187
15-0161,NF000927,Semidi,0.999531969481586,-0.4775095306392107
15-0162,NF000928,Semidi,0.984239896688119,0.5114789228981176
15-0163,NF000929,Pribilof,0.9956219072960278,0.3997245572523136
15-0164,NF000930,StMatthew,0.9957766353101186,1.6755379883242008
15-0166,NF000932,Pribilof,0.9062871217140835,2.2688219573284067
15-0170,NF000934,StMatthew,0.9956709075971187,0.32257704248226926
16-0195,NF000936,StMatthew,0.9988367509903271,-0.9762307672203683
16-0225,NF000937,Semidi,0.9984249490285478,0.7657362520065354
16-0227,NF000939,Pribilof,0.9796247807044379,1.9803393604466426
16-0230,NF000941,Pribilof,0.9991223283236733,0.4832531120059585
16-0231,NF000942,Pribilof,0.9997921157203498,-0.9247121580554749
16-0232,NF000943,Semidi,0.9997923376553548,0.3233770769192856
16-0233,NF000944,StMatthew,0.9994090017680339,0.7992422098269281
16-0236,NF000947,StMatthew,0.9902205006232687,-0.00548227052210409
16-0580,NF000948,Pribilof,0.9950080537885806,1.2392419034560036
16-0581,NF000949,Semidi,0.9417450242787055,-0.5282750250268644
16-0584,NF000952,StMatthew,0.998452385657067,-0.44584436653909015
16-0585,NF000953,Semidi,0.9999603995303539,0.06747253656270383
16-0587,NF000955,Chagulak,0.9605213119513677,0.1739443731896987
16-0588,NF000956,Semidi,0.9979976422353217,0.9381485867970702
16-0589,NF000957,Semidi,0.999834203053475,0.37536961758654036
16-0591,NF000959,StMatthew,0.999996952658887,-1.269479446386433
16-0612,NF000961,Semidi,0.9999727829714595,-0.507317177236072
16-0613,NF000962,Semidi,0.9999212673414527,1.180469227987563
16-0615,NF000964,Semidi,0.9930492296009302,-0.17403692579692923
16-0617,NF000966,StMatthew,0.998757102582205,1.3658646153221743
16-0618,NF000967,Semidi,0.9919432734893738,0.5130905707866328
16-0619,NF000968,Pribilof,0.9996166159871187,2.45320390702222
16-0622,NF000971,Semidi,0.9998654672286711,1.4991375320682876
16-0623,NF000972,Semidi,0.9980133049905301,-0.06682368091407939
16-0624,NF000973,Semidi,0.9999967184763142,0.23006597461266742
16-0625,NF000974,Semidi,0.999899446687153,-0.6536988170280874
16-0629,NF000977,Chagulak,0.9999171239939464,0.8002277393649727
16-0630,NF000978,Semidi,0.9932597381270892,1.3555740211383573
16-0631,NF000979,Semidi,0.9999973583745501,0.17296545830199192
16-0633,NF000981,Semidi,0.9999200489798811,-0.2131425352347162
16-0635,NF000983,Semidi,0.9984415545281409,0.4084758889499949
16-0636,NF000984,StMatthew,0.9913563292535499,0.726443864000358
16-0637,NF000985,Pribilof,0.9994153311882997,1.14974820657909
16-0640,NF000988,Pribilof,0.9982112443015014,0.6138721329271267
16-0642,NF000990,Semidi,0.999914569583563,1.113227623256199
16-0643,NF000991,Semidi,0.9999712433070079,-0.9325744961861617
16-0645,NF000993,StMatthew,0.9888126488086532,1.175769586694462
16-0650,NF000996,Pribilof,0.9993577255572242,1.1066811805178098
16-0652,NF000998,Pribilof,0.9983164773320748,2.0698849627133744
16-0653,NF000999,Pribilof,0.9822766715334057,0.6536470499087287
16-0657,NF001003,StMatthew,0.9877502885545056,-0.03144019794108469
16-0658,NF001004,Pribilof,0.9999839641804946,0.17502226779026211
16-0660,NF001006,StMatthew,0.9846525559971201,-0.07097865512632151
16-0662,NF001008,Pribilof,0.9978912464800511,0.8535778613531879
16-0663,NF001009,Pribilof,0.9983010330492371,-0.36197644507039306
16-0667,NF001013,Semidi,0.9986614509584714,1.441652860712703
16-0670,NF001016,StMatthew,0.9999060179303156,0.9981906734514059
15-0397,NF001017,Pribilof,0.999562030724366,0.6090627569051699
15-0410,NF001019,Pribilof,0.9937626150360969,1.1795153365916136
15-0420,NF001021,Chagulak,0.9992801627216731,1.0119267234953326
15-0422,NF001023,Pribilof,0.9990427279869224,1.976989192678391
15-0423,NF001024,Pribilof,0.9943296047968858,0.38266766451501943
15-0424,NF001025,Pribilof,0.9980573568258646,2.4782203335006447
15-0427,NF001028,Chagulak,0.999199947984357,1.1904963043834593
15-0428,NF001029,Semidi,0.9999358605464677,1.3013087825188356
15-0429,NF001030,StMatthew,0.9987525815734462,-0.05083451245740101
15-0430,NF001031,Chagulak,0.9990431597560409,0.5567826319759885
15-0432,NF001033,Semidi,0.9968138814346819,1.2251070262005386
15-0433,NF001034,Pribilof,0.9964626549760279,0.9014167938204712
15-0454,NF001035,Semidi,0.9999880527460502,0.0954335802453575
15-0456,NF001037,Pribilof,0.9966816984413133,0.7767248778165864
16-0034,NF001041,Pribilof,0.998501600953092,0.5436736643647615
16-0036,NF001042,Semidi,0.9999185388376134,0.7884399884450959
16-0038,NF001044,Pribilof,0.9947053478438728,0.20909572503696042
16-0039,NF001045,StMatthew,0.9989953259137953,-0.1867271716902441
16-0040,NF001046,Semidi,0.9999946975724371,1.2835843650333072
16-0042,NF001048,Semidi,0.9996576294639766,1.3092694915640029
16-0043,NF001049,Pribilof,0.993892523801242,0.8502303197324358
16-0044,NF001050,Semidi,0.999915555908338,1.1380581746251621
16-0045,NF001051,StMatthew,0.9999045472990982,-1.7280422620737996
16-0047,NF001053,StMatthew,0.9875659121667334,-0.735227592119548
16-0048,NF001054,StMatthew,0.9952811183750823,0.22621135983159707
16-0050,NF001055,StMatthew,0.969115085721446,1.094239256386995
16-0053,NF001058,StMatthew,0.9996503346584046,1.3088417996354222
16-0055,NF001060,Semidi,0.9976948473715292,-1.9766613693923702
16-0056,NF001061,Pribilof,0.9999936883553924,0.06402424439830177
16-0057,NF001062,Chagulak,0.999272415470396,-0.9510337834035574
16-0059,NF001064,Chagulak,0.9995457135479945,0.7792651924387983
16-0060,NF001065,Semidi,0.9988123966636997,0.04201172900066872
16-0061,NF001066,Pribilof,0.984305264788308,2.0364939507225963
16-0062,NF001067,Pribilof,0.9999835618333685,0.4248477998893938
16-0063,NF001068,Semidi,0.9885564239062421,1.973400450451645
16-0064,NF001069,Chagulak,0.9852376594200288,2.0687411746672537
16-0065,NF001070,Chagulak,0.9996980900226621,0.9620600332439623
16-0156,NF001072,Semidi,0.9998831532585769,-1.0528609083831921
16-0157,NF001073,Pribilof,0.9991082810574624,1.8236379751159997
16-0159,NF001074,StMatthew,0.997190754290138,-0.4510009188641649
16-0162,NF001076,StMatthew,0.9987105653449071,0.6792593208330672
16-0163,NF001077,StMatthew,0.9996929641865364,1.5585421713348782
16-0164,NF001078,Chagulak,0.9999013149008371,-0.19515725798160174
16-0168,NF001080,Semidi,0.9984788267245929,0.2920189575907088
16-0170,NF001082,StMatthew,0.9851463030854737,0.3637614706428359
16-0173,NF001085,Semidi,0.9997845090314301,1.3711325757554425
16-0179,NF001088,Semidi,0.9977025299828934,-1.1174958214508224
16-0180,NF001089,Chagulak,0.9956498152369727,0.7798598680971534
16-0182,NF001091,Semidi,0.9999876283909046,0.7712617255966052
16-0186,NF001092,Pribilof,0.9981364200388537,0.8822354101055584
16-0187,NF001093,Chagulak,0.994274308902091,0.44182229652344435
16-0191,NF001094,Pribilof,0.9982676598367123,0.39475039750523494
16-0192,NF001095,Semidi,0.9993642830704585,-0.25987243220186146
16-0193,NF001096,Pribilof,0.9993042388123748,-0.6941263980796941
15-0176,NF001100,StMatthew,0.985165199334579,2.1556775473937044
15-0177,NF001101,Semidi,0.9987242128050335,1.2750762188325564
15-0262,NF001102,Pribilof,0.9999974177059168,0.7201381397459166
15-0263,NF001103,Semidi,0.9999967625188839,0.3362396190723416
15-0264,NF001104,Chagulak,0.9826458502408896,0.933118817409885
15-0265,NF001105,Semidi,0.9994591598878728,1.142052401394877
15-0266,NF001106,Semidi,0.9999926061324248,1.0280973393253787
15-0267,NF001107,Semidi,0.9986863661010115,0.363888474687841
15-0269,NF001109,Semidi,0.9974212618244082,0.8691105716767821
15-0270,NF001110,Semidi,0.9998730894326274,-0.24440950336981668
15-0272,NF001112,StMatthew,0.9936177610709286,0.09183726873000654
15-0273,NF001113,Pribilof,0.9999990716389318,-0.8385148551503172
15-0274,NF001114,Chagulak,0.9996423092037502,1.4224045974273223
15-0277,NF001116,StMatthew,0.9988644303517286,0.20992795301117542
15-0278,NF001117,StMatthew,0.9633005073888022,1.4199822516700926
15-0280,NF001119,Pribilof,0.9967147757925219,0.153349550238389
15-0283,NF001122,Semidi,0.9999228784790478,0.4545243096964062
15-0284,NF001123,Pribilof,0.998207884833247,0.9033039784665169
15-0287,NF001126,Semidi,0.9997338513959427,0.8067416321697976
15-0337,NF001128,Pribilof,0.9999359581972879,-1.1275051615263687
15-0339,NF001130,StMatthew,0.9999923010792012,-1.0045762495971575
15-0340,NF001131,Pribilof,0.998414554313613,-1.0526913377482339
15-0341,NF001132,StMatthew,0.9559909216670338,0.5976495545464049
15-0342,NF001133,Pribilof,0.9999677621468543,0.45902401716773755
15-0345,NF001136,Semidi,0.9961979833397921,-0.15874909173355126
15-0347,NF001138,Semidi,0.9999979274543114,0.18439146350336785
15-0348,NF001139,Semidi,0.9906408528281542,1.6229859280414494
15-0349,NF001140,Semidi,0.9997563262732005,0.13791246182255024
15-0350,NF001141,Chagulak,0.9748160848687262,1.1234162258083118
15-0353,NF001143,StMatthew,0.9900894581047605,0.4603869585118584
15-0354,NF001144,Pribilof,0.999849664091244,0.17619337234886798
15-0355,NF001145,Semidi,0.9994793375184094,0.09639319432817146
15-0356,NF001146,Pribilof,0.9986207962049045,1.0342919283082486
15-0357,NF001147,StMatthew,0.9995646658456048,-0.2518633863083091
15-0358,NF001148,Semidi,0.9999143737048519,0.5051628010135892
15-0359,NF001149,StMatthew,0.945440427134689,-1.6274611745535545
15-0361,NF001151,StMatthew,0.9902310024363621,-0.99209300269307
15-0362,NF001152,Pribilof,0.9978296270726187,1.0178870983427417
15-0364,NF001153,Chagulak,0.9992830865636557,0.4119070215438251
15-0365,NF001154,StMatthew,0.9997891096564179,-0.3722445332697324
15-0366,NF001155,Pribilof,0.999976925137884,1.0627678080655643
15-0367,NF001156,Semidi,0.9991790560095261,0.4237729383776716
15-0368,NF001157,StMatthew,0.9975772059728515,2.3105595720866936
15-0369,NF001158,StMatthew,0.995067952406046,-0.08768814993865832
15-0374,NF001162,Chagulak,0.9953528008641841,-0.17095269477107244
15-0375,NF001163,StMatthew,0.9918871779424472,-0.09325628699972842
15-0376,NF001164,Semidi,0.9994553230925877,0.3156558231925003
15-0377,NF001165,StMatthew,0.9997251650167428,0.24610579864691332
15-0378,NF001166,Pribilof,0.9946269032994037,-0.18922281090289242
15-0380,NF001167,Chagulak,0.9986599495915032,1.3699662007910067
15-0381,NF001168,Pribilof,0.9983592046694375,-0.1767478102841884
15-0382,NF001169,Semidi,0.9990779929940842,-0.29479481527878765
15-0385,NF001170,StMatthew,0.998767097467078,-0.2515575961941032
15-0386,NF001171,Pribilof,0.9986613380525234,0.7554415614129519
15-0391,NF001173,Semidi,0.9991930971652438,1.1141189482643596
15-0392,NF001174,Semidi,0.9999957094445453,0.36229745552169534
15-0393,NF001175,Pribilof,0.9998173781522777,0.8420829913230699
15-0395,NF001177,StMatthew,0.9993894344611013,0.3166997956787636
15-0396,NF001178,Pribilof,0.9985772914208478,1.411990128782865
13-0492,NF001181,StMatthew,0.9988199298788076,0.7763257479954386
13-0493,NF001182,Chagulak,0.9996325226774956,0.730287398687688
13-0494,NF001183,Semidi,0.9941573383443505,0.5702839544340642
13-0495,NF001184,StMatthew,0.9999992852220065,-1.01866769625986
13-0496,NF001185,StMatthew,0.9988119772627002,0.500572018447886
13-0497,NF001186,StMatthew,0.9968209362381713,0.01111464894990127
13-0498,NF001187,Pribilof,0.9999957255614998,0.8196499142528197
13-0500,NF001189,Semidi,0.998365757787642,-0.582139566418779
13-0501,NF001190,Pribilof,0.9999252699061006,-0.5473552701696974
13-0502,NF001191,Semidi,0.999782172225695,1.8241384690484346
13-0503,NF001192,Pribilof,0.9996115253519066,-1.0621205363344164
13-0504,NF001193,Chagulak,0.9994266215553188,0.8175762130121859
13-0505,NF001194,Semidi,0.9995209108261741,-0.42687343476924106
13-0507,NF001196,Chagulak,0.9981908523669312,1.9003164157553885
13-0508,NF001197,StMatthew,0.9999867434533013,0.3275541331144528
13-0509,NF001198,Semidi,0.9998895078456024,-0.23095455546702806
13-0510,NF001199,Semidi,0.9997291440897599,-1.5186224424382042
13-0511,NF001200,StMatthew,0.9996282264237971,0.7088126090787379
13-0512,NF001201,StMatthew,0.9956963310873336,-0.48452605706519475
13-0513,NF001202,Pribilof,0.9997974146892307,1.1644015183363592
13-0514,NF001203,Semidi,0.9971059281686883,2.421066295738823
13-0515,NF001204,StMatthew,0.9984174421863407,-0.4318555068698641
14-0168,NF001205,Semidi,0.9891890422130988,1.6814600796888326
14-0171,NF001208,Pribilof,0.9984921545813529,1.877106551205021
14-0174,NF001211,Chagulak,0.9997290893667355,-0.42193239132991595
14-0176,NF001213,Semidi,0.9999254481304355,0.8136695084455292
14-0178,NF001214,Semidi,0.9997192323455478,-1.6098700905082848
14-0179,NF001215,Semidi,0.9997138165069485,1.291980086093442
14-0181,NF001217,StMatthew,0.9866218773776685,0.6172075633216941
14-0182,NF001218,Semidi,0.9999306776121359,0.3582065862340818
14-0183,NF001219,Semidi,0.9965377202985439,0.3017442000031439
14-0184,NF001220,Semidi,0.9984289388695797,-0.5981333630697623
14-0185,NF001221,StMatthew,0.9979451369976264,-1.8256645155719609
14-0186,NF001222,Semidi,0.9989167116730086,1.2142863399521706
14-0187,NF001223,Pribilof,0.9984093277090786,0.7883335269037085
14-0189,NF001225,Semidi,0.9995280417032055,-0.4090349574063243
14-0190,NF001226,Pribilof,0.9197224185289088,-1.329376661154305
14-0191,NF001227,Semidi,0.9999477090535511,-0.42017253702888424
14-0193,NF001229,Pribilof,0.999443966343873,-0.43998905869617205
14-0194,NF001230,Chagulak,0.9999916799347771,0.2607009028560268
14-0195,NF001231,Chagulak,0.9974123472378671,1.1321955547726985
14-0196,NF001232,Chagulak,0.979433084968877,0.340173855522093
14-0198,NF001234,Pribilof,0.9930240569654124,1.3180009822355276
14-0200,NF001236,Chagulak,0.9979510134973364,1.3167546495166778
14-0201,NF001237,Semidi,0.9994463117758329,1.220900410364184
14-0202,NF001238,Semidi,0.9999247092650353,1.166989057305536
14-0204,NF001240,Semidi,0.9983817519172735,-0.5556751690981505
14-0205,NF001241,StMatthew,0.991290349350517,-1.5613399090802091
14-0206,NF001242,Pribilof,0.9999223829272206,1.579120738033314
14-0208,NF001244,Semidi,0.9996922710595069,0.9192238757441281
14-0210,NF001246,StMatthew,0.9997533996942337,0.422757163801644
14-0211,NF001247,Chagulak,0.9760895988561612,0.3972208738418961
14-0212,NF001248,Semidi,0.999797668897031,1.6318036097051902
14-0213,NF001249,Pribilof,0.9885326416162742,-0.1286529976743718
14-0215,NF001251,StMatthew,0.9977777457208774,-1.8900657166707178
14-0216,NF001252,StMatthew,0.9999181622402403,0.760710315575872
14-0217,NF001253,Semidi,0.9994597728825573,-0.4594222050946628
14-0218,NF001254,Semidi,0.9999505851372845,0.13492267030338664
14-0221,NF001256,Semidi,0.9986527356329576,1.1547306227980572
14-0222,NF001257,Chagulak,0.997912999709959,1.433995309634163
14-0224,NF001259,Semidi,0.9959871784063851,0.8133268299685632
14-0227,NF001262,Chagulak,0.9967318728120851,0.5838401087184797
14-0229,NF001264,Pribilof,0.9998610072552502,0.7327021516086618
14-0230,NF001265,Semidi,0.9981725401705857,0.5923281725466351
14-0231,NF001266,StMatthew,0.9986067768436094,0.286348323532728
14-0235,NF001270,StMatthew,0.9977639490562423,1.0315801739576118
14-0237,NF001272,Pribilof,0.9999589195463129,0.0035988507537061906
14-0238,NF001273,Pribilof,0.9942264492014555,1.1041460305496582
14-0244,NF001274,Pribilof,0.9839146696116071,0.4211551128358647
14-0245,NF001275,Pribilof,0.99999518918404,1.3881443245022136
14-0246,NF001276,Semidi,0.9999463120579434,0.26100630447606965
14-0248,NF001278,Chagulak,0.9955076901733468,1.6706266158953433
14-0250,NF001280,Semidi,0.9989624145289423,0.29096714974627474
14-0252,NF001282,Pribilof,0.997783689143216,0.8752789302206275
14-0253,NF001283,Semidi,0.9998202537652113,1.332971047205937
14-0255,NF001285,StMatthew,0.9945521040947968,-0.731024469630386
14-0256,NF001286,Chagulak,0.9999926368717619,-0.09053240881259678
14-0257,NF001287,StMatthew,0.9992847845480849,-0.5500020993670217
14-0476,NF001288,Pribilof,0.9954881570626627,0.32604807535148683
14-0479,NF001291,StMatthew,0.9994466908330216,-0.30179796883249027
14-0480,NF001292,StMatthew,0.998518025996345,0.2602428790055076
14-0484,NF001296,StMatthew,0.9999197958544339,-0.5404661803014422
14-0485,NF001297,Semidi,0.9860140804405041,1.3181117257509765
14-0492,NF001301,Semidi,0.9605102107974146,1.249391755478906
14-0494,NF001303,StMatthew,0.9822296371988793,0.9556955344707567
14-0495,NF001304,Semidi,0.9999792427266921,1.2526462082510488
14-0496,NF001305,Chagulak,0.9999339221248293,-0.42150921872343694
14-0497,NF001306,Pribilof,0.9993191482627384,-0.29315122942423394
14-0500,NF001308,StMatthew,0.9970110867371422,0.5509180545579969
14-0502,NF001310,Semidi,0.9993466745703093,-0.9025000579207351
14-0504,NF001312,Chagulak,0.9999846328698004,1.4415626846692924
14-0505,NF001313,Chagulak,0.9558357091486877,-0.7290050015836144
14-0506,NF001314,Semidi,0.9969799256535524,1.4442423068306005
14-0509,NF001316,StMatthew,0.9966716704482015,0.5970477528959275
14-0510,NF001317,Chagulak,0.9751959115915048,0.21997600568921838
14-0512,NF001318,Chagulak,0.9998468444290947,-0.4719239775096638
14-0515,NF001320,StMatthew,0.999627792380039,-0.40520124879172265
14-0517,NF001321,Semidi,0.9903160462486297,-2.4472512229670134
14-0519,NF001323,Pribilof,0.9880971585461963,0.36487467145219193
14-0520,NF001324,Pribilof,0.9982128446566684,0.9081358952576958
14-0522,NF001326,Semidi,0.9933790903730355,1.3635469823692634
14-0523,NF001327,Semidi,0.9995112343842141,0.03849592197840514
14-0524,NF001328,Pribilof,0.9927682366099129,-1.091196133457854
14-0526,NF001329,Semidi,0.9965295199972093,1.7296481768055587
14-0527,NF001330,Pribilof,0.9976679178521652,0.07356418428894006
14-0528,NF001331,Pribilof,0.9996726376903122,-1.7251816916011025
14-0529,NF001332,StMatthew,0.9994441342063922,-0.2993893297054173
14-0530,NF001333,Semidi,0.9996135886933506,0.6483930886056851
14-0531,NF001334,StMatthew,0.9994685399875655,-0.9199615705341263
14-0534,NF001337,StMatthew,0.999849376552692,0.6056859750191875
14-0535,NF001338,StMatthew,0.9955592435618366,1.9277694805479453
14-0536,NF001339,StMatthew,0.998756169880223,-0.4977361575077385
14-0537,NF001340,StMatthew,0.9999028553527481,0.09018846860003353
12-0085,NF001342,Pribilof,0.9999009060258888,0.47916605200830514
12-0086,NF001343,Pribilof,0.99120018300750945,0.6203966999887557
12-0087,NF001344,Pribilof,0.9976741720256824,-0.7803601171099285
12-0088,NF001345,Pribilof,0.9947916850685192,-0.043206716341098725
12-0094,NF001347,StMatthew,0.9966780346005932,0.14756218927633005
12-0095,NF001348,Pribilof,0.9998966584362757,-1.8715333339480236
12-0096,NF001349,Semidi,0.9975363713192874,1.317385108842085
12-0100,NF001352,Semidi,0.9992732854952432,2.4301739880382143
12-0102,NF001353,Semidi,0.9829260978970946,1.7801149013572557
12-0103,NF001354,Semidi,0.9987072184060056,1.756888382283152
12-0105,NF001355,StMatthew,0.99711432059089,0.6111554201715702
12-0106,NF001356,Semidi,0.986314407756373,-0.28647080460280056
12-0110,NF001360,Pribilof,0.9838397752307966,1.2298528466004608
12-0111,NF001361,Pribilof,0.9998075235697953,0.32238652110176214
12-0112,NF001362,Semidi,0.9791716138838787,0.43525684733623893
12-0115,NF001365,Semidi,0.9999802921792725,0.03854175171010941
12-0116,NF001366,StMatthew,0.9999839702157768,1.422150641802652
12-0117,NF001367,Semidi,0.9990302487735683,0.3805304356340998
12-0121,NF001370,StMatthew,0.9999519951352266,0.8480881796530051
12-0125,NF001373,Semidi,0.9994904629572963,0.11811247750771359
12-0126,NF001374,StMatthew,0.9998536739481777,-0.002871012900194148
12-0128,NF001376,Pribilof,0.9940428263134385,0.939106375566267
12-0129,NF001377,Pribilof,0.9997790356264332,-0.7584210622888301
12-0130,NF001378,Chagulak,0.9999810488639721,0.10625495052493647
12-0131,NF001379,Semidi,0.9906479380307606,2.3834880378909995
12-0135,NF001383,Pribilof,0.9504095719442862,0.9983422103409939
12-0136,NF001384,Chagulak,0.9948675825153328,0.6323442958807343
12-0138,NF001386,Semidi,0.9995564630603753,0.2127295492693467
12-0139,NF001387,Chagulak,0.9869548135847057,0.6657493765486027
12-0140,NF001388,StMatthew,0.9991811694901197,0.64139691675024
12-0141,NF001389,StMatthew,0.9787918038744998,0.13186240914491196
12-0144,NF001392,StMatthew,0.9946715703529978,0.13887124580665233
13-0010,NF001394,Pribilof,0.9997679083509574,0.7719103701304879
13-0012,NF001396,Chagulak,0.998572095337987,0.5356544828857721
13-0013,NF001397,Pribilof,0.9964515750485532,0.6563898562649559
13-0014,NF001398,StMatthew,0.9796955347552834,0.6639250384617209
13-0015,NF001399,StMatthew,0.9994214851464,-0.831752216296121
13-0016,NF001400,Semidi,0.9999924826801742,1.0831208828175507
13-0017,NF001401,Chagulak,0.9996422870233412,-1.370212816366426
13-0018,NF001402,Pribilof,0.9997279681365584,0.03995555139281087
13-0019,NF001403,Semidi,0.9999956172488345,-0.17782412017531193
13-0020,NF001404,StMatthew,0.9787899275507389,1.618900425818206
13-0021,NF001405,StMatthew,0.9785627881545109,0.38756153289920586
13-0023,NF001407,Chagulak,0.9992857368703331,-0.14679035753727596
13-0024,NF001408,StMatthew,0.9999989332090279,-1.0737363714544932
13-0033,NF001409,StMatthew,0.9918902037423789,0.6484343486035259
13-0035,NF001411,StMatthew,0.9996559769751833,0.3785855487607465
13-0036,NF001412,StMatthew,0.9868046403795984,0.26829718852469386
13-0037,NF001413,StMatthew,0.9974538253177456,0.8388459205999934
13-0042,NF001417,StMatthew,0.9933851909227233,-1.1463746171865892
13-0044,NF001419,StMatthew,0.9838786220867609,1.152342303117103
13-0045,NF001420,Semidi,0.9990509160313409,0.9021047108694661
13-0046,NF001421,Semidi,0.9974994016953703,0.5533377118353141
13-0358,NF001422,Pribilof,0.9961457509032401,1.127560798320382
13-0359,NF001423,Semidi,0.9974395513215293,0.2677453656667992
13-0361,NF001425,Semidi,0.9999762205416826,0.5628856777099542
13-0362,NF001426,Pribilof,0.9995037027842255,0.323121138183902
13-0364,NF001428,Pribilof,0.998026912225105,-0.6573606551943317
13-0365,NF001429,Chagulak,0.9997826613545324,-0.02333374631208402
13-0368,NF001432,Semidi,0.9996520467033881,1.2051602454196775
13-0369,NF001433,Chagulak,0.9868377313360372,1.3197718138123722
13-0370,NF001434,Semidi,0.99982788117559,1.6118015909994792
13-0371,NF001435,Semidi,0.9993435160024549,0.018673487838125735
13-0372,NF001436,Semidi,0.9985280900716207,0.904119651359169
13-0374,NF001438,Semidi,0.9917698914832278,1.482547800908267
13-0375,NF001439,Semidi,0.9998351911129456,0.619863450240365
13-0377,NF001441,Semidi,0.9998988009773715,1.1458094350042534
13-0378,NF001442,Semidi,0.9999902783968129,-0.053349697031895085
13-0379,NF001443,Chagulak,0.9962948693197939,2.336542779741227
13-0380,NF001444,Semidi,0.9997601906795599,1.2104952577582861
13-0382,NF001446,Semidi,0.9988803585150886,0.845399056926871
13-0384,NF001448,Chagulak,0.938681675198391,1.6001312525311204
13-0385,NF001449,Chagulak,0.9998264487514179,0.2689695833541643
13-0387,NF001451,StMatthew,0.9959112284871741,-0.7839657394099168
13-0388,NF001452,Semidi,0.9991011481939012,-0.1645824816036833
13-0389,NF001453,Semidi,0.9990202011069141,0.41317671791193905
13-0390,NF001454,Chagulak,0.950167267375291,1.6326752184043853
13-0391,NF001455,Semidi,0.999886425676233,2.016999001999478
13-0392,NF001456,Chagulak,0.9491213060092079,-1.1644848834759078
13-0394,NF001458,Semidi,0.9967650381218219,-0.030608335655868443
13-0397,NF001461,Pribilof,0.9999249200337605,1.0269977806228554
13-0399,NF001463,Chagulak,0.9999884421850697,-1.1675778057815582
13-0400,NF001464,Chagulak,0.9005137473574506,-0.8425104960149477
13-0401,NF001465,StMatthew,0.9993309270968518,1.2797458786087736
13-0402,NF001466,Semidi,0.9994492363531857,0.9821252556610309
13-0403,NF001467,StMatthew,0.9399543873267432,-0.8132386240280579
13-0404,NF001468,StMatthew,0.9999757410145753,-0.3092917190158223
13-0406,NF001470,Semidi,0.9980667256854182,0.09226369188774625
13-0407,NF001471,Semidi,0.9998076759157809,-0.12149487222324215
13-0409,NF001472,Semidi,0.9799551508238797,1.3188455433684902
13-0410,NF001473,Semidi,0.9999173786495607,0.4550985235856592
13-0411,NF001474,Semidi,0.9998835059810208,-0.288513544888818
13-0412,NF001475,StMatthew,0.9980756705990061,-1.033281142764907
13-0047,NF001476,StMatthew,0.9990145828248342,1.2625206197815757
13-0070,NF001477,Chagulak,0.999822529887442,1.8972787049874937
13-0071,NF001478,StMatthew,0.9890901425958534,0.7732649795259083
13-0072,NF001479,Semidi,0.9999993873754188,0.3426534112934499
13-0074,NF001481,Semidi,0.9930945621626044,1.0631010800885734
13-0077,NF001483,Pribilof,0.9348575889507466,1.520537786322566
13-0078,NF001484,StMatthew,0.9997397436805018,1.80228135591914
13-0087,NF001490,Pribilof,0.9955984610158917,0.23170446120394786
13-0090,NF001493,StMatthew,0.9954608120206675,1.9521989642134732
13-0091,NF001494,Pribilof,0.987172124127375,1.2348415734196319
13-0092,NF001495,Chagulak,0.9999840368580466,-1.1413593259978563
13-0093,NF001496,StMatthew,0.9792811453935805,1.3014336506646766
13-0110,NF001497,Chagulak,0.9985057316576309,0.6784169796291302
13-0111,NF001498,StMatthew,0.990947601481432,-1.01694976342524
13-0112,NF001499,Chagulak,0.9996707171549278,1.2201101524321212
13-0115,NF001502,StMatthew,0.9099774854618163,2.155696446765157
13-0116,NF001503,StMatthew,0.9343497353533718,1.2465530013273793
13-0118,NF001505,Semidi,0.9736620803204399,-0.9569071928354725
13-0120,NF001507,StMatthew,0.9999413427714222,0.5668933351126455
13-0122,NF001509,Semidi,0.9999413540773114,0.6151368291005181
13-0123,NF001510,Pribilof,0.999984659944381,0.28075321333646636
13-0124,NF001511,StMatthew,0.9995550472837849,-0.8977933753040988
13-0301,NF001512,Pribilof,0.990747516535096,0.2662364074441105
13-0304,NF001514,Semidi,0.9999973848306121,1.7720634053433209
13-0305,NF001515,Semidi,0.9935122026366844,0.5168788392278434
13-0307,NF001517,Pribilof,0.9999337714598021,1.6888549101038377
13-0308,NF001518,Pribilof,0.9998822543592323,-1.5638705795235546
13-0311,NF001520,Semidi,0.9967033442355407,-1.0821644686083773
13-0313,NF001522,Chagulak,0.9998581785512737,0.8144408341279982
13-0314,NF001523,Semidi,0.9990769666769966,0.04389655038225713
13-0315,NF001524,Pribilof,0.9817188119289008,1.7537631422609266
13-0316,NF001525,Chagulak,0.9971584759683434,0.11912713939531065
13-0317,NF001526,Semidi,0.9981884758802838,0.5178963964629891
13-0318,NF001527,Chagulak,0.9978231379539417,1.3906843769494115
13-0319,NF001528,Chagulak,0.9813035720588775,-0.468201607066782
13-0320,NF001529,StMatthew,0.9965895436669394,0.8426141607280616
13-0321,NF001530,Semidi,0.9949685681729475,0.8215422808662913
13-0322,NF001531,Semidi,0.999488672099041,-0.026009166710774953
13-0325,NF001534,Semidi,0.9999988625192032,-0.7925535189430768
13-0326,NF001535,Chagulak,0.9989850089298784,2.1027516633267007
13-0327,NF001536,Semidi,0.9955061224554661,-1.1793967034989934
13-0328,NF001537,StMatthew,0.9996898855040933,-0.4317768599887768
13-0329,NF001538,Semidi,0.9998822222864654,0.3660390054909266
13-0330,NF001539,Semidi,0.9934792359379799,0.4528038406641907
13-0331,NF001540,Semidi,0.9653044807298928,0.5684833217186955
13-0332,NF001541,StMatthew,0.9850895853454805,0.014506564187887558
13-0333,NF001542,StMatthew,0.9997246374381016,-0.5541699413547685
13-0335,NF001544,Semidi,0.996016034821108,1.370617745995549
13-0336,NF001545,Semidi,0.9982201987653947,1.4236345574868516
13-0337,NF001546,Semidi,0.9935855570255804,1.7733469628740353
13-0338,NF001547,Semidi,0.9999981428455493,0.3863976588996812
13-0349,NF001548,StMatthew,0.9991090211099057,-0.5479051046573609
13-0350,NF001549,StMatthew,0.9995874303499097,0.008517472482810595
13-0351,NF001550,Pribilof,0.9947117511616248,-0.134073502819361
13-0352,NF001551,Semidi,0.9995951400268116,0.4346123045278887
13-0354,NF001553,Semidi,0.996962351074262,-0.40016994811954665
13-0355,NF001554,Semidi,0.9989637821825139,0.9662197085587605
13-0357,NF001556,StMatthew,0.999933937347334,0.0703155864937786
13-0413,NF001557,Semidi,0.9991029429057806,0.46986182967905027
13-0414,NF001558,Semidi,0.9979642369377214,1.379339143168407
13-0415,NF001559,Semidi,0.9900998112342374,1.3140726855247395
13-0464,NF001560,Pribilof,0.9929220925897718,-0.0832149783990812
13-0465,NF001561,Semidi,0.9999855668885882,0.3495581773248069
13-0467,NF001563,Semidi,0.999992621632934,1.0821860449619276
13-0472,NF001567,Chagulak,0.9985891300787151,1.1312856888105298
13-0478,NF001572,Pribilof,0.9630410247002696,1.8377556785050908
13-0479,NF001573,Semidi,0.96540795250637,0.31985687105626426
13-0480,NF001574,StMatthew,0.9982843241761897,1.2422112860356809
13-0481,NF001575,Pribilof,0.9978968578502561,1.6337117614004864
13-0483,NF001577,Semidi,0.9911631391393103,0.377405734818235
13-0484,NF001578,Semidi,0.9984763394612516,-0.06344250554812006
13-0485,NF001579,Pribilof,0.9992395384589137,1.6949157318160475
13-0488,NF001582,Chagulak,0.9999831028160184,-2.18131245702891
13-0489,NF001583,Pribilof,0.9998651785141432,0.5323983700502026
12-0010,NF001584,Semidi,0.9998556360411249,0.6645609940906175
12-0012,NF001586,Semidi,0.9999202289037077,1.7573996562256489
12-0013,NF001587,Semidi,0.9414251545241015,-0.1458997556517313
12-0014,NF001588,Semidi,0.999512043675682,-0.3166629502472754
12-0015,NF001589,Semidi,0.999045173865972,1.4440526147756683
12-0016,NF001590,Pribilof,0.9999983026095156,0.06597927011487155
12-0017,NF001591,StMatthew,0.9999837491272446,0.028521765247900465
12-0020,NF001594,StMatthew,0.9647273723760615,0.3411518929537436
12-0021,NF001595,Pribilof,0.9828026756600591,0.7103135654675925
12-0022,NF001596,StMatthew,0.9961288002328686,0.9126265403404084
12-0027,NF001601,StMatthew,0.9984746894603362,0.7662567204613534
12-0030,NF001604,Pribilof,0.9981954638442965,1.7752764539178498
12-0031,NF001605,Pribilof,0.9999215478839881,-0.6091471809595831
12-0032,NF001606,Semidi,0.9999774806329151,0.6209297583584097
12-0034,NF001608,StMatthew,0.9753827079992572,1.931676322708569
12-0035,NF001609,Chagulak,0.9999048135553416,1.86816541829229
12-0036,NF001610,Chagulak,0.9809656271052619,-0.1299760148184584
12-0037,NF001611,Pribilof,0.9975812030565321,0.7294633735951238
12-0040,NF001614,Chagulak,0.9997532291247527,-0.7116010110447677
12-0041,NF001615,Pribilof,0.9999429287035542,0.9920623197892138
12-0043,NF001617,Pribilof,0.9992905889270581,1.3123246391167083
12-0046,NF001620,Pribilof,0.9995808500821705,1.1183338927932298
12-0047,NF001621,Chagulak,0.9999968641773899,-1.0905263112842472
12-0048,NF001622,Pribilof,0.9998650950757361,0.511035085290927
12-0049,NF001623,Semidi,0.989723118302536,-0.2807422096729976
12-0050,NF001624,StMatthew,0.9827065762608941,1.278972196290123
12-0051,NF001625,Semidi,0.9995658083236819,0.9837428557654551
12-0053,NF001626,Chagulak,0.9992493061907493,0.47989854018122524
12-0054,NF001627,Pribilof,0.9989877692353956,0.07052040392819044
12-0055,NF001628,StMatthew,0.9777630013775197,1.985699086924659
12-0056,NF001629,StMatthew,0.9774087360419916,1.7507160280893495
12-0057,NF001630,Semidi,0.9999409041723462,-0.32028041557578946
12-0058,NF001631,Chagulak,0.9940272536890069,0.29087654457294754
12-0059,NF001632,StMatthew,0.9963435272130381,0.590875298918859
12-0060,NF001633,Chagulak,0.9987693361315241,1.1203078646133915
12-0063,NF001635,Pribilof,0.9992971110229116,-0.12733179226491695
12-0065,NF001637,StMatthew,0.9999755282729501,-0.11207398895764424
12-0068,NF001640,Semidi,0.9985545922049532,0.3084333681821939
12-0069,NF001641,Semidi,0.9997272139337918,1.2657066702599922
12-0070,NF001642,StMatthew,0.9980275180237927,0.7315917605209487
12-0071,NF001643,StMatthew,0.999950977445955,-0.6409192903026595
12-0072,NF001644,StMatthew,0.9904657127190801,-0.5646496717507107
12-0073,NF001645,Pribilof,0.9999919883995614,-1.095870406147192
12-0074,NF001646,Pribilof,0.9989530609546606,1.1112468737240164
12-0075,NF001647,Semidi,0.9998486106050876,-1.421641561620581
12-0076,NF001648,Chagulak,0.9916880864900168,-2.142246600746464
12-0077,NF001649,Semidi,0.9901157795978088,1.641848302756388
12-0078,NF001650,StMatthew,0.9983127384307977,-0.5422145382184568
12-0079,NF001651,StMatthew,0.9999765937864219,-0.045706157152259376
12-0080,NF001652,Chagulak,0.9494028370489768,0.4027121080912861
11-0194,NF001655,StMatthew,0.997553708092723,0.9093997536864231
11-0195,NF001656,Semidi,0.9998635114079342,0.6114937823423142
11-0196,NF001657,Chagulak,0.9982931627114773,0.3922754717172585
11-0197,NF001658,Chagulak,0.9994588764622309,0.4971592881465856
11-0199,NF001659,StMatthew,0.9998572558988313,-0.9752586251806028
11-0200,NF001660,Semidi,0.9998954130261398,1.1787730339140219
11-0201,NF001661,Semidi,0.9890460690219186,0.11197202836520193
11-0218,NF001662,Semidi,0.9915469506994323,1.000870516033995
11-0223,NF001666,StMatthew,0.9972858058333881,1.4501057899808654
11-0224,NF001667,StMatthew,0.9923163468319991,-1.8613672638071694
11-0225,NF001668,StMatthew,0.9999580718138616,-1.2655062418493237
11-0287,NF001671,Pribilof,0.9997101858125954,0.8855891532906005
11-0331,NF001674,Semidi,0.9992966394879095,1.0068224841016065
11-0332,NF001675,Chagulak,0.9999752757034011,1.5498983284645114
11-0333,NF001676,Chagulak,0.997000147328859,-1.0680232038289166
11-0347,NF001678,Pribilof,0.998056582561241,1.265781299051665
11-0348,NF001679,StMatthew,0.9951185868057738,0.24728744609413994
11-0349,NF001680,Semidi,0.9995970433110447,-0.264709777148489
11-0350,NF001681,Semidi,0.9999924939987118,-0.15945509671259678
11-0351,NF001682,Semidi,0.9998489704227504,-0.49235356718115375
11-0352,NF001683,StMatthew,0.9983911393296258,0.716034174192027
11-0355,NF001686,Pribilof,0.9995925158679609,-0.06922572806436372
11-0368,NF001691,StMatthew,0.9944431538019418,0.3431178634053736
11-0369,NF001692,Semidi,0.9254990560518377,0.15259961412606082
11-0371,NF001694,Semidi,0.9999585892509306,0.054456593002782876
11-0373,NF001696,Pribilof,0.9887848855593727,1.1975244428123661
11-0375,NF001698,Semidi,0.996503763563797,-0.3396056060399203
11-0376,NF001699,Semidi,0.9980525222270725,-1.4041824250246815
11-0565,NF001702,Pribilof,0.9999564505116395,1.112801959161999
11-0566,NF001703,Pribilof,0.9936720011549178,1.174310198499338
11-0567,NF001704,Semidi,0.9967206160167495,0.23537875428492394
11-0568,NF001705,Semidi,0.9996897495096877,1.5290825133658335
11-0569,NF001706,StMatthew,0.9644749041383393,-0.7986497900772609
11-0570,NF001707,Chagulak,0.9918825917638536,0.3208882403109021
11-0572,NF001709,Chagulak,0.9999016959375979,-2.197312490429461
11-0573,NF001710,Pribilof,0.9985786870288206,0.29299281104925806
11-0575,NF001712,StMatthew,0.9999653591489764,0.5911505259316768
11-0576,NF001713,Semidi,0.9995887257635298,1.5301465339954798
11-0578,NF001715,Pribilof,0.9995244141944569,1.4523854654506034
11-0579,NF001716,StMatthew,0.9958732801826528,0.6401865930635741
11-0582,NF001719,Semidi,0.9999756816879836,0.4297544504556052
11-0583,NF001720,StMatthew,0.9986842665236565,-0.5107509489219952
11-0589,NF001725,Semidi,0.9998599358884427,0.8555108069868187
11-0590,NF001726,StMatthew,0.9953973239618018,2.0919941822703936
11-0591,NF001727,StMatthew,0.9999815918329232,-0.9147894489297359
11-0592,NF001728,Semidi,0.9961446033631982,2.145555440724707
11-0593,NF001729,Chagulak,0.9648607985684513,1.1436231661462146
11-0630,NF001731,Chagulak,0.9887725396073751,-0.2401607549383849
11-0635,NF001735,Pribilof,0.9896965601278963,0.004728705358767528
11-0636,NF001736,Semidi,0.999376627606877,-0.6477270103266192
11-0640,NF001740,Semidi,0.999905313601819,1.0271753746105086
11-0642,NF001742,Pribilof,0.9968144359912775,2.3296083002398222
11-0643,NF001743,Chagulak,0.9880673648323663,-1.2196201391286785
11-0645,NF001745,Semidi,0.9999914059959305,1.3394036011808184
11-0648,NF001746,Chagulak,0.9944367696027091,-0.27345142816874846
11-0650,NF001748,Semidi,0.9702724475360751,2.41442620169158
11-0652,NF001750,Semidi,0.9979392281844923,1.7520436439545715
11-0653,NF001751,Semidi,0.9980697805838299,0.9540505019672603
11-0654,NF001752,StMatthew,0.9836743795685302,-0.5789494670226946
11-0656,NF001754,StMatthew,0.9999497866457716,-1.0547365247841065
11-0657,NF001755,StMatthew,0.9996284987573203,-0.28605508131410173
11-0659,NF001757,StMatthew,0.9979308428321753,0.8596346121399547
11-0660,NF001758,StMatthew,0.9999244615154451,-0.7614883373428066
11-0678,NF001759,Semidi,0.9999898508017846,0.7513062494040924
11-0679,NF001760,StMatthew,0.9344700398240273,0.769105147156718
11-0680,NF001761,StMatthew,0.9943344249470006,-0.06777389047364649
11-0683,NF001764,Semidi,0.9996669653543866,0.7584942280367668
11-0684,NF001765,StMatthew,0.994345890050795,0.9818124871991332
11-0686,NF001767,Semidi,0.9980880446781181,0.14489117339961807
11-0732,NF001768,StMatthew,0.9997706086995489,0.20772427147148423
11-0735,NF001771,StMatthew,0.9652563175403922,-0.3735811171225378
11-0736,NF001772,Semidi,0.9999841381780379,0.6483054505296978
11-0737,NF001773,Semidi,0.9992269126936318,1.650304402070363
11-0738,NF001774,Chagulak,0.9979903254569751,0.625631426403197
11-0741,NF001775,Pribilof,0.9213237980288508,0.36175620196682
11-0772,NF001776,StMatthew,0.98953717863201,-1.222559222856138
11-0830,NF001778,StMatthew,0.9994354698105498,0.4052140964812789
11-0831,NF001779,Pribilof,0.968942406721194,1.3961288840011197
11-0832,NF001780,Pribilof,0.9943822712389103,0.19729612472649607
11-0833,NF001781,Pribilof,0.9999929135223695,-1.2422123356872092
11-0834,NF001782,Semidi,0.9997685222101863,-2.418677288173754
11-0835,NF001783,Chagulak,0.9999071962955574,-0.4383662500951518
11-0837,NF001785,Semidi,0.9974601737257617,2.3579729246906247
11-0839,NF001787,Chagulak,0.9999989303756275,1.1480954316299252
11-0840,NF001788,Semidi,0.9947632642720342,1.8980631685226113
11-0862,NF001790,Semidi,0.999204776073632,0.35501167398353667
11-0863,NF001791,StMatthew,0.9985811557585491,-1.6201021512048353
11-0864,NF001792,Semidi,0.9972309227428245,1.28464350597787
11-0865,NF001793,StMatthew,0.999941651165711,-0.9264238120060432
11-0866,NF001794,Semidi,0.9997905375571451,1.013300390841656
11-0867,NF001795,Pribilof,0.9955171832897265,0.3834384193361669
11-0869,NF001797,StMatthew,0.9999786876166489,-1.7621883521626864
11-0871,NF001799,StMatthew,0.9812297949862303,1.0044194798395825
11-0872,NF001800,Chagulak,0.999709835955366,-0.9681438956360658
11-0876,NF001801,Pribilof,0.9995744693393034,0.16007875401088403
11-0882,NF001803,Chagulak,0.9938556580404636,0.9547226512540691
11-0887,NF001804,StMatthew,0.984552000816662,-0.6848571157838053
11-0888,NF001805,Semidi,0.9989811356260355,-1.0477535471266075
11-0889,NF001806,Pribilof,0.999475661285697,-0.22320342400368612
11-0892,NF001808,Semidi,0.9848391651534945,0.8993644607696683
11-0896,NF001809,Pribilof,0.9828032679917429,0.9301491885698682
11-0897,NF001810,Pribilof,0.9992382418503892,0.3247165035315088
11-0898,NF001811,Semidi,0.9999595593677524,1.4489681582065272
11-0899,NF001812,Chagulak,0.9939856542472537,2.357784026492191
11-0900,NF001813,StMatthew,0.9871875164557318,1.0070810494789906
08-1151,NF001814,Semidi,0.9971878893293357,1.235037319893585
08-1152,NF001815,Semidi,0.9297825179993248,0.46487124397370666
08-1153,NF001816,StMatthew,0.9998440690021174,-1.3088001850179933
08-1155,NF001818,StMatthew,0.9911205189622924,-0.8941316300374413
08-1157,NF001820,StMatthew,0.9999057028175125,-1.0627971552855817
08-1158,NF001821,StMatthew,0.999998471743298,0.17070984727288513
08-1159,NF001822,Semidi,0.996886479829781,-0.22625767309036357
08-1160,NF001823,Pribilof,0.9814240309085306,0.2478463148472064
08-1161,NF001824,Pribilof,0.9998336876749814,0.6878088766716313
08-1162,NF001825,Semidi,0.9995605168466646,0.6439268189492482
08-1163,NF001826,Pribilof,0.9678987143663752,0.28538132413481804
08-1164,NF001827,Semidi,0.9999969758491039,0.41119233203430966
08-1165,NF001828,Semidi,0.9988245162912592,1.0309292404929307
08-1166,NF001829,StMatthew,0.9997597456039315,-0.7906878534253278
08-1167,NF001830,Semidi,0.9985655145657089,1.6323169349102165
08-1169,NF001832,Semidi,0.9895515318109865,0.7750889014740798
08-1173,NF001834,Semidi,0.9999951172192101,-0.10318738631415499
08-1174,NF001835,Semidi,0.9839579429278611,1.1522528599004758
08-1175,NF001836,StMatthew,0.9993736505061063,-0.27105407387536545
08-1176,NF001837,Semidi,0.9999911545586905,-2.205949779150362
08-1178,NF001839,Pribilof,0.9985822152183337,1.337492082739438
08-1180,NF001841,Semidi,0.9998874386870938,1.6244060187171694
08-1181,NF001842,StMatthew,0.9999389491741616,-0.6222075135424094
08-1183,NF001844,StMatthew,0.9997966766051614,-0.7775458402365857
08-1185,NF001846,StMatthew,0.9847869514281882,-1.4838271943917682
08-1186,NF001847,StMatthew,0.9998699860699188,0.39886929990672954
08-1187,NF001848,Pribilof,0.9998433873193279,-1.1214715860601188
08-1188,NF001849,Chagulak,0.999266640048098,-0.5235210662978826
08-1189,NF001850,Semidi,0.9998961493714548,0.49624427942875793
08-1190,NF001851,StMatthew,0.9987510085742299,0.77932510478224
08-1191,NF001852,Pribilof,0.9903987500793967,-1.2551463928750557
08-1193,NF001854,StMatthew,0.9966564197011046,0.06819618744219351
08-1194,NF001855,StMatthew,0.9773461389271672,-1.3848656278080214
08-1196,NF001857,StMatthew,0.998186429869632,0.7729755522306587
08-1198,NF001859,Pribilof,0.9943344022139414,-0.025348379094608377
08-1199,NF001860,Semidi,0.9991246757326565,-1.2030933011366631
08-1200,NF001861,Pribilof,0.9972432302331973,-2.156741692634644
08-1201,NF001862,StMatthew,0.9998601088483204,-1.2167775431563168
08-1203,NF001864,Pribilof,0.9932920664955776,1.319745918691364
08-1205,NF001866,Semidi,0.998801102798833,1.8177158790771788
08-1206,NF001867,Semidi,0.9991870535021149,0.7223244326083667
08-1824,NF001870,Pribilof,0.9989748116804135,-2.0085582236210398
08-1826,NF001872,StMatthew,0.9984475015419149,-0.19888507490366508
08-1829,NF001875,Semidi,0.9997505339923585,0.5704088625038565
08-1830,NF001876,Semidi,0.9999355205480202,0.7405205647694789
08-1832,NF001878,StMatthew,0.9981542668610119,-0.05684994332517234
08-1836,NF001881,Semidi,0.9999897839889341,0.4105710518221453
08-1839,NF001884,Chagulak,0.9813264488905646,1.7359727657358717
08-1849,NF001885,Pribilof,0.9986519429329156,0.22546712307888356
08-2153,NF001886,Chagulak,0.999939089814102,0.6071411919177149
08-2155,NF001888,Semidi,0.9994837541740029,1.2448854718057474
08-2157,NF001890,StMatthew,0.9999381519714224,-0.09298360614072212
08-2158,NF001891,Chagulak,0.9833612267725188,0.7463223561440043
08-2159,NF001892,StMatthew,0.9680715732208687,1.9558701333233508
08-2160,NF001893,Chagulak,0.9906286045739129,-0.3254661339421693
08-2162,NF001895,Chagulak,0.9997036623840009,-0.944830901576754
08-2163,NF001896,StMatthew,0.9999966117143847,1.2981595678902949
08-2164,NF001897,Pribilof,0.9999961460279198,-1.5786702396913521
08-2165,NF001898,Pribilof,0.9799679942256854,1.6565227313088557
08-2166,NF001899,Semidi,0.9999972665256167,0.8225668175901627
08-2178,NF001902,StMatthew,0.9673957626025231,0.056450721153131454
08-2179,NF001903,Chagulak,0.9749098228784397,1.0690490781962436
08-2180,NF001904,StMatthew,0.991266242797113,0.10378575113346503
08-2182,NF001906,StMatthew,0.9998172948140505,0.3306628230151754
08-2183,NF001907,Pribilof,0.9969354638581598,-0.8506893610772768
08-2184,NF001908,Semidi,0.9991816043252096,0.457198144373987
08-2186,NF001909,StMatthew,0.9998326071442161,1.1868509534835883
09-0445,NF001910,Pribilof,0.9782684441163197,0.17379998995476423
09-0455,NF001913,Semidi,0.9996587338882188,1.3541252099224732
09-0456,NF001914,Pribilof,0.9999632141473226,-0.9689923604131826
09-0457,NF001915,Semidi,0.9837981685633937,-0.1157354009186139
09-0467,NF001916,Chagulak,0.9971913165577274,0.9218372893192709
09-0477,NF001917,StMatthew,0.9974139236002225,0.879227662726037
10-0291,NF001920,Semidi,0.9999826861911475,0.5962482194585389
10-0368,NF001922,Pribilof,0.9946758318831247,1.7447099677933922
10-0369,NF001923,Semidi,0.9998079752809085,0.9665991216409746
10-0370,NF001924,Chagulak,0.9991389375647395,0.8579886804886507
10-0371,NF001925,Chagulak,0.997909564435176,1.2964314734131093
10-0400,NF001929,Pribilof,0.999839750208281,1.1609116575568204
10-0403,NF001932,Semidi,0.9976357724207883,1.613572311105048
10-0404,NF001933,StMatthew,0.9967398326770572,-0.04168183860549929
10-0405,NF001934,Pribilof,0.9463712011762867,1.863735821420546
10-0406,NF001935,StMatthew,0.9987423753566435,0.08880395191223373
10-0407,NF001936,Semidi,0.9520327732899857,0.06558726319438529
10-0408,NF001937,StMatthew,0.9246071620194386,1.938709460240194
10-0415,NF001938,Semidi,0.9971721155513658,1.00271596585653
10-0416,NF001939,Pribilof,0.9916017859970139,1.9292808171898497
10-0417,NF001940,Pribilof,0.9816089298993225,-0.3447410033514612
10-0418,NF001941,Semidi,0.9959994267271565,1.5676014750040814
10-0419,NF001942,StMatthew,0.9999872760311668,0.5267184460617684
10-0420,NF001943,Semidi,0.9999532534339123,0.4035483931246974
10-0421,NF001944,Chagulak,0.9965678035025632,-0.3446926889059308
10-0423,NF001945,Semidi,0.999557192009252,-0.38451253935982266
10-0427,NF001947,Chagulak,0.9909579982254313,1.4417980161172261
10-0430,NF001949,Pribilof,0.9999706043318929,-0.7389766370135522
10-0431,NF001950,Chagulak,0.9999386189922344,0.1381036407123762
10-0432,NF001951,Pribilof,0.9963890626106345,0.2736066769002689
10-0433,NF001952,Semidi,0.9832635456998454,1.1021779072840525
10-0437,NF001954,Semidi,0.9990596955017276,0.048428934569917446
10-0438,NF001955,StMatthew,0.9989909459424328,-0.9869973556031294
10-0441,NF001958,StMatthew,0.9989729123758295,1.9520379510822852
10-0442,NF001959,Chagulak,0.9996518696895239,0.12456118456022194
10-0443,NF001960,Pribilof,0.9947946085726908,0.014386394138839442
10-0444,NF001961,Semidi,0.9978366567003425,1.5851609736969625
10-0445,NF001962,StMatthew,0.9999913313734348,0.2237214754388168
10-0447,NF001964,Pribilof,0.9996062324510757,1.3177525863243813
10-0448,NF001965,Pribilof,0.9965754508466149,0.6107286761192707
10-0450,NF001967,StMatthew,0.9945978743290053,1.184655605411979
10-0501,NF001968,Semidi,0.996376789840354,0.11273698059722811
10-0502,NF001969,Semidi,0.9969473404077124,0.3959821042148944
10-0503,NF001970,Pribilof,0.9999377154320126,0.8740862248496455
10-0504,NF001971,Semidi,0.9999999747151164,-0.5630606892660647
10-0508,NF001975,Semidi,0.9440299143122027,0.7044599602453862
10-0511,NF001978,Semidi,0.9997354792349418,-1.6631410872600434
10-0512,NF001979,Pribilof,0.9997671043306703,0.38748964239800493
10-0515,NF001981,Semidi,0.993688356791876,1.3221054326881774
10-0520,NF001983,StMatthew,0.9995542200571199,0.3017030187389296
10-0521,NF001984,Pribilof,0.9983439440508806,0.20434948875878214
10-0524,NF001987,Pribilof,0.9999566632009588,-0.3025454297976254
10-0527,NF001990,StMatthew,0.9994462217645705,0.1492204526226822
10-0528,NF001991,Pribilof,0.9995968527975723,-0.8082978516563287
10-0546,NF001992,Pribilof,0.9989083365403795,-0.369697189618404
10-0547,NF001993,StMatthew,0.9996346671213576,0.5587619005742326
10-0550,NF001996,StMatthew,0.9928794187432011,0.8999885915494854
10-0551,NF001997,StMatthew,0.9999593915910195,-0.16493959650940562
10-0552,NF001998,Semidi,0.999869558667839,-0.46824117526494097
10-0556,NF002002,Semidi,0.999159787640339,1.0615974935899637
10-0558,NF002004,Pribilof,0.995507571268618,0.15217832831294442
10-0561,NF002005,Semidi,0.9684852702819986,0.35050235540187374
10-0563,NF002007,StMatthew,0.9910021091158712,0.9029063722552528
10-0564,NF002008,Semidi,0.9999862686275671,-2.212929650555989
10-0566,NF002010,Chagulak,0.9984034889482217,0.4856868909357398
10-0567,NF002011,Pribilof,0.9988813381062143,0.5385027416335967
10-0570,NF002014,Semidi,0.9778635127381723,0.2865657960747561
10-0571,NF002015,Pribilof,0.9977426260944345,-0.0774583440780811
10-0580,NF002016,Semidi,0.9981197408521896,-0.9866483114004316
10-0581,NF002017,StMatthew,0.9781216272015603,-0.7697499739051167
10-0588,NF002018,Pribilof,0.9988327432326843,0.1431337207059685
10-0589,NF002019,Pribilof,0.9999908037150493,1.7224174918341613
10-0590,NF002020,Chagulak,0.9999706745952095,0.5504590403380626
10-0592,NF002022,Semidi,0.9761789289502147,1.636242301698397
10-0594,NF002024,Chagulak,0.9972006855091727,1.2431931097698952
10-0595,NF002025,StMatthew,0.9984094745468505,1.1189151531973565
10-0596,NF002026,Semidi,0.9813160425297788,0.5296602730065793
10-0597,NF002027,Semidi,0.9995711615054245,0.6316283053442232
10-0598,NF002028,Pribilof,0.9984898710210615,1.4477109785003155
10-0599,NF002029,StMatthew,0.999483660213083,0.14498070066499233
10-0612,NF002030,Semidi,0.9998461692313292,-0.7037282789895853
10-0613,NF002031,StMatthew,0.9967801494547154,-1.743738989635173
10-0614,NF002032,StMatthew,0.9984470197098915,0.1821745963043196
10-0615,NF002033,StMatthew,0.9993425338719919,0.059780484352653596
10-0617,NF002035,StMatthew,0.9998515994690986,0.38994479378093144
10-0618,NF002036,Chagulak,0.9943478428638092,0.5233713570209146
10-0619,NF002037,Semidi,0.9989174102032585,-0.6652343614879627
10-0620,NF002038,Semidi,0.9962584589969538,-0.3396154748710315
10-0621,NF002039,Semidi,0.9997632774151136,0.9010650442767688
10-0622,NF002040,Semidi,0.9996683332124155,-0.8051985952516123
10-0649,NF002044,Pribilof,0.9997897221833983,-0.4968487475356938
10-0651,NF002046,Chagulak,0.9860488176278621,1.0916055795661117
10-0653,NF002048,Semidi,0.999971268885039,0.7025721042124383
10-0654,NF002049,Semidi,0.9999373342452171,0.7727755950576943
10-0655,NF002050,Chagulak,0.9849275852241209,1.9970646422474305
10-0656,NF002051,Pribilof,0.9969705174894439,1.0825177723363129
10-0657,NF002052,Pribilof,0.9941416014885233,0.8258131480645201
10-0658,NF002053,Pribilof,0.992955798625922,1.4914014224208572
10-0659,NF002054,StMatthew,0.9992237528339459,0.3137379240058645
10-0680,NF002056,Pribilof,0.9999611637592979,1.4678675162467962
10-0682,NF002058,StMatthew,0.9994377223122394,-1.4730949667323
10-0683,NF002059,Pribilof,0.9998029741200338,1.8128817688722714
10-0685,NF002061,Semidi,0.9999575402352857,0.530106151643645
10-0703,NF002062,StMatthew,0.9998726620028202,-1.4327823063344893
10-0723,NF002063,Pribilof,0.9997848121771634,1.0010617493646465
10-0724,NF002064,Chagulak,0.9999141114904552,-1.3730915838773572
10-0725,NF002065,Chagulak,0.9999691930362682,0.1348219712280201
10-0726,NF002066,Semidi,0.9990182932841353,1.614266274134745
10-0727,NF002067,Semidi,0.9875642991822304,2.002980804405507
10-0730,NF002070,Semidi,0.9902311611832768,0.7680501770342689
10-0738,NF002071,Chagulak,0.9999950012891047,-2.225713934361084
10-0744,NF002072,Pribilof,0.9753211045161985,0.6399490065040494
10-0745,NF002073,Semidi,0.9995432444544654,2.1815883467823065
10-0762,NF002074,Semidi,0.9945850319484145,1.1430140385832044
10-0764,NF002076,Pribilof,0.9956738312575997,0.9263007010723273
10-0777,NF002077,Pribilof,0.9999134493829396,-1.5218286390050053
10-0778,NF002078,Chagulak,0.9812307745294919,0.2751014166956698
10-0779,NF002079,Semidi,0.9998342294777182,-1.7458611678249136
10-0780,NF002080,Semidi,0.9998088443242898,0.23493394515133
10-0781,NF002081,StMatthew,0.9990107372044578,-0.02493539518171427
10-0782,NF002082,Semidi,0.9997082357523699,0.13057573813956827
10-0784,NF002083,Semidi,0.9984758588086194,-0.24292759846327536
10-0785,NF002084,Semidi,0.9994641968206222,0.47943557808342296
10-0787,NF002086,Pribilof,0.9998808214022837,-0.14475611847454317
18-0288,NF002087,Pribilof,0.9992623805556603,1.4445268854171078
18-0289,NF002088,Semidi,0.9993580921123835,-0.45016227177101736
18-0291,NF002090,Semidi,0.9970623070670033,0.9048780576859442
18-0293,NF002092,Semidi,0.9998133476333873,1.3255276091652832
18-0294,NF002093,Semidi,0.999965096054649,0.4276351692793063
18-0297,NF002096,StMatthew,0.9996457708340675,0.2887045043315619
18-0298,NF002097,Semidi,0.9982473257997394,1.1255410317210093
18-0299,NF002098,Pribilof,0.999704085344777,-0.753953726190123
18-0300,NF002099,Semidi,0.9954047541021462,0.5181871205888727
18-0329,NF002104,StMatthew,0.9997910050937703,1.5888854382494544
18-0330,NF002105,Pribilof,0.9998134829040067,0.6239734296263861
18-0333,NF002108,StMatthew,0.9970124722355065,0.40543067020478524
18-0335,NF002110,Semidi,0.9922188529786349,-1.5663137687032742
18-0336,NF002111,Semidi,0.9998703567370806,-1.4241537797129138
18-0337,NF002112,Chagulak,0.9999957452492371,2.0983578711959106
18-0345,NF002120,Pribilof,0.9996734522104725,1.6491016743678777
18-0347,NF002122,StMatthew,0.9937863065257542,-1.6929559725288024
18-0348,NF002123,StMatthew,0.9982500663715483,0.2118843512520218
18-0349,NF002124,StMatthew,0.9825071002348739,-0.12616102945877056
18-0350,NF002125,Semidi,0.9994965286521522,1.0556761338803788
18-0353,NF002128,Chagulak,0.9997856226205349,-0.3836132266059526
18-0354,NF002129,Chagulak,0.9999513323523402,-1.6492582406050822
18-0356,NF002131,Semidi,0.9999991756775443,-1.0841653332672745
18-0358,NF002133,StMatthew,0.9999399570271746,1.4544581636250007
18-0376,NF002135,Semidi,0.9999750637050715,1.5326673140850333
18-0377,NF002136,Pribilof,0.99989701059057,0.08009564552427444
18-0378,NF002137,StMatthew,0.9988018858444866,-0.29607130021538247
18-0379,NF002138,Pribilof,0.9995107028951111,1.7038159755148448
18-0382,NF002141,Chagulak,0.9965287706435381,-1.9330160417715248
18-0383,NF002142,Semidi,0.9998936082189369,0.9200895264464818
18-0386,NF002145,StMatthew,0.995506206116474,0.4944948041934232
18-0387,NF002146,Pribilof,0.9951692321943827,1.6132731342777868
18-0388,NF002147,StMatthew,0.9853659182696061,0.5584229059115889
