SAMPLE_ID,NMFS_DNA_ID,collection,PofZ,z_score,TemporalAvail,SpatialAvail,FisheriesCollMonth,FisheriesCollSeason,FisheriesLatDD,FisheriesLongDD,MissingSBND
08-1151,NF001814,Semidi,0.997187889,1.23503732,1,1,7,breeding,58.53333,-176.05,
08-1152,NF001815,Semidi,0.929782518,0.464871244,1,1,6,breeding,58.98333,-175.88333,
08-1153,NF001816,StMatthew,0.999844069,-1.308800185,1,1,7,breeding,59.33333,-175.33333,
08-1155,NF001818,StMatthew,0.991120519,-0.89413163,1,1,2,nonbreeding,54.43,-165.865,3114
08-1157,NF001820,StMatthew,0.999905703,-1.062797155,1,1,6,breeding,59,-176.33333,
08-1158,NF001821,StMatthew,0.999998472,0.170709847,1,1,7,breeding,58.51667,-176,
08-1159,NF001822,Semidi,0.99688648,-0.226257673,1,1,7,breeding,58.56667,-176.76667,
08-1160,NF001823,Pribilof,0.981424031,0.247846315,1,1,6,breeding,58.98333,-175.88333,
08-1161,NF001824,Pribilof,0.999833688,0.687808877,1,1,7,breeding,58.8,-175.93333,
08-1162,NF001825,Semidi,0.999560517,0.643926819,1,1,10,nonbreeding,54.6,-159.21667,
08-1163,NF001826,Pribilof,0.967898714,0.285381324,1,1,6,breeding,58.51667,-176.06667,
08-1164,NF001827,Semidi,0.999996976,0.411192332,1,1,2,nonbreeding,56.33333,-166.56667,
08-1165,NF001828,Semidi,0.998824516,1.03092924,1,1,7,breeding,59.23333,-175.93333,
08-1166,NF001829,StMatthew,0.999759746,-0.790687853,1,1,7,breeding,59.23333,-175.93333,
08-1167,NF001830,Semidi,0.998565515,1.632316935,1,1,7,breeding,58.61667,-177.33333,
08-1169,NF001832,Semidi,0.989551532,0.775088901,1,1,2,nonbreeding,56.3,-170.85,
08-1173,NF001834,Semidi,0.999995117,-0.103187386,1,1,9,breeding,56.4,-165.95,
08-1174,NF001835,Semidi,0.983957943,1.15225286,1,1,9,breeding,56.25,-165.51667,
08-1175,NF001836,StMatthew,0.999373651,-0.271054074,1,1,10,nonbreeding,56.63333,-167.23333,
08-1176,NF001837,Semidi,0.999991155,-2.205949779,1,1,10,nonbreeding,56.53333,-167.41667,3133
08-1178,NF001839,Pribilof,0.998582215,1.337492083,1,1,10,nonbreeding,56.53333,-167.41667,
08-1180,NF001841,Semidi,0.999887439,1.624406019,1,1,10,nonbreeding,56.65,-167.26667,
08-1181,NF001842,StMatthew,0.999938949,-0.622207514,1,1,7,breeding,59.56667,-177.6,
08-1183,NF001844,StMatthew,0.999796677,-0.77754584,1,1,2,nonbreeding,56.38333,-171.23333,
08-1185,NF001846,StMatthew,0.984786951,-1.483827194,1,1,1,nonbreeding,56.38333,-171.23333,3142
08-1186,NF001847,StMatthew,0.999869986,0.3988693,1,1,7,breeding,58.53333,-171.23333,
08-1187,NF001848,Pribilof,0.999843387,-1.121471586,1,1,6,breeding,56.65,-171.28333,
08-1188,NF001849,Chagulak,0.99926664,-0.523521066,1,1,6,breeding,56.65,-171.28333,
08-1189,NF001850,Semidi,0.999896149,0.496244279,1,1,8,breeding,59.86667,-177.35,
08-1190,NF001851,StMatthew,0.998751009,0.779325105,1,1,1,nonbreeding,56.61667,-166.08333,
08-1191,NF001852,Pribilof,0.99039875,-1.255146393,1,1,1,nonbreeding,60.55333,-176.61167,3148
08-1193,NF001854,StMatthew,0.99665642,0.068196187,1,1,10,nonbreeding,60.43333,-176.55,
08-1194,NF001855,StMatthew,0.977346139,-1.384865628,1,1,9,breeding,59.46667,-175.85,
08-1196,NF001857,StMatthew,0.99818643,0.772975552,1,1,9,breeding,59.86667,-177.71667,
08-1198,NF001859,Pribilof,0.994334402,-0.025348379,1,1,2,nonbreeding,56.31667,-171.18333,
08-1199,NF001860,Semidi,0.999124676,-1.203093301,1,1,7,breeding,59.23333,-175.93333,
08-1200,NF001861,Pribilof,0.99724323,-2.156741693,1,1,6,breeding,58.51667,-176,3157
08-1201,NF001862,StMatthew,0.999860109,-1.216777543,1,1,2,nonbreeding,60.43361,-178.47361,3158
08-1203,NF001864,Pribilof,0.993292066,1.319745919,1,1,9,breeding,60.43361,-176.25,
08-1205,NF001866,Semidi,0.998801103,1.817715879,1,1,1,nonbreeding,54.51667,-163.1,
08-1206,NF001867,Semidi,0.999187054,0.722324433,1,1,1,nonbreeding,59.22333,-175.76917,
08-1824,NF001870,Pribilof,0.998974812,-2.008558224,1,1,9,breeding,56.25,-165.51667,3248
08-1826,NF001872,StMatthew,0.998447502,-0.198885075,1,1,9,breeding,57.51167,-172.64167,
08-1829,NF001875,Semidi,0.999750534,0.570408863,1,0,9,breeding,,,
08-1830,NF001876,Semidi,0.999935521,0.740520565,1,1,9,breeding,56.4,-165.6,
08-1832,NF001878,StMatthew,0.998154267,-0.056849943,1,1,9,breeding,56.38333,-171.23333,
08-1836,NF001881,Semidi,0.999989784,0.410571052,1,1,7,breeding,58.77333,-177.54167,
08-1839,NF001884,Chagulak,0.981326449,1.735972766,1,1,8,breeding,56.25,-165.51667,3263
08-1849,NF001885,Pribilof,0.998651943,0.225467123,1,1,8,breeding,56.53194,-171.82556,
Aug-53,NF001886,Chagulak,0.99993909,0.607141192,1,1,7,breeding,58.77333,-177.54167,
Aug-55,NF001888,Semidi,0.999483754,1.244885472,1,1,7,breeding,58.77333,-177.54167,
Aug-57,NF001890,StMatthew,0.999938152,-0.092983606,1,1,7,breeding,58.77333,-177.54167,
Aug-58,NF001891,Chagulak,0.983361227,0.746322356,1,1,3,nonbreeding,52.3,-173.8333333,
Aug-59,NF001892,StMatthew,0.968071573,1.955870133,1,1,7,breeding,58.77333,-177.54167,3289
Aug-60,NF001893,Chagulak,0.990628605,-0.325466134,1,1,9,breeding,56.53333,-165.63333,
Aug-62,NF001895,Chagulak,0.999703662,-0.944830902,1,1,6,breeding,57.66667,-173.06667,
Aug-63,NF001896,StMatthew,0.999996612,1.298159568,1,1,7,breeding,58.77333,-177.54167,
Aug-64,NF001897,Pribilof,0.999996146,-1.57867024,1,1,1,nonbreeding,56.38333,-171.23333,
Aug-65,NF001898,Pribilof,0.979967994,1.656522731,1,1,7,breeding,58.77333,-177.54167,
Aug-66,NF001899,Semidi,0.999997267,0.822566818,1,1,7,breeding,58.77333,-177.54167,
Aug-78,NF001902,StMatthew,0.967395763,0.056450721,1,1,5,breeding,59.81667,-176.6,
Aug-79,NF001903,Chagulak,0.974909823,1.069049078,1,1,7,breeding,58.77333,-177.54167,
Aug-80,NF001904,StMatthew,0.991266243,0.103785751,1,1,7,breeding,58.77333,-177.54167,
Aug-82,NF001906,StMatthew,0.999817295,0.330662823,1,0,7,breeding,,,
Aug-83,NF001907,Pribilof,0.996935464,-0.850689361,1,1,7,breeding,56.53194,-171.82556,
Aug-84,NF001908,Semidi,0.999181604,0.457198144,1,1,7,breeding,56.31667,-166,
Aug-86,NF001909,StMatthew,0.999832607,1.186850953,1,1,7,breeding,58.77333,-177.54167,
09-0445,NF001910,Pribilof,0.978268444,0.17379999,1,1,1,nonbreeding,58.65,-177.31667,
09-0455,NF001913,Semidi,0.999658734,1.35412521,1,1,4,nonbreeding,57.03333,-151.33333,
09-0456,NF001914,Pribilof,0.999963214,-0.96899236,1,1,1,nonbreeding,56.21667,-170.91667,
09-0457,NF001915,Semidi,0.983798169,-0.115735401,1,1,4,nonbreeding,57.05,-151.21667,
09-0467,NF001916,Chagulak,0.997191317,0.921837289,1,1,9,breeding,51.68333,-178.25,3366
09-0477,NF001917,StMatthew,0.997413924,0.879227663,1,1,9,breeding,56.26667,-170.13333,
10-0291,NF001920,Semidi,0.999982686,0.596248219,1,1,9,breeding,56.2,-162.33333,
10-0368,NF001922,Pribilof,0.994675832,1.744709968,1,1,9,breeding,57.635,-172.45667,
10-0369,NF001923,Semidi,0.999807975,0.966599122,1,1,10,nonbreeding,57.635,-172.45667,
10-0370,NF001924,Chagulak,0.999138938,0.85798868,1,1,4,nonbreeding,59.31667,-176.7,
10-0371,NF001925,Chagulak,0.997909564,1.296431473,1,1,12,nonbreeding,59.63333,-177.06667,
10-0400,NF001929,Pribilof,0.99983975,1.160911658,1,1,9,breeding,56.3,-169.83333,
10-0403,NF001932,Semidi,0.997635772,1.613572311,1,1,7,breeding,58.56888889,-176.9191667,
10-0404,NF001933,StMatthew,0.996739833,-0.041681839,1,1,7,breeding,58.56888889,-176.9191667,
10-0405,NF001934,Pribilof,0.946371201,1.863735821,1,1,7,breeding,58.585,-177.1847222,
10-0406,NF001935,StMatthew,0.998742375,0.088803952,1,1,7,breeding,58.585,-177.1847222,
10-0407,NF001936,Semidi,0.952032773,0.065587263,1,1,7,breeding,58.585,-177.1847222,
10-0408,NF001937,StMatthew,0.924607162,1.93870946,1,1,7,breeding,58.55,-177.0833333,
10-0415,NF001938,Semidi,0.997172116,1.002715966,1,1,7,breeding,51.71861,-178.39028,
10-0416,NF001939,Pribilof,0.991601786,1.929280817,1,1,7,breeding,58.59333,-173.41,
10-0417,NF001940,Pribilof,0.98160893,-0.344741003,1,1,7,breeding,58.59333,-173.41,
10-0418,NF001941,Semidi,0.995999427,1.567601475,1,1,7,breeding,54.90333,176.655,
10-0419,NF001942,StMatthew,0.999987276,0.526718446,1,1,7,breeding,54.90333,176.655,
10-0420,NF001943,Semidi,0.999953253,0.403548393,1,1,7,breeding,54.90333,176.655,
10-0421,NF001944,Chagulak,0.996567804,-0.344692689,1,1,7,breeding,54.90333,176.655,
10-0423,NF001945,Semidi,0.999557192,-0.384512539,1,1,6,breeding,56.58333,-170.53333,3531
10-0427,NF001947,Chagulak,0.990957998,1.441798016,1,1,8,breeding,60.07833,-173.39167,
10-0430,NF001949,Pribilof,0.999970604,-0.738976637,1,1,2,nonbreeding,57.435,-173.64,
10-0431,NF001950,Chagulak,0.999938619,0.138103641,1,1,1,nonbreeding,56.66667,-170.06667,
10-0432,NF001951,Pribilof,0.996389063,0.273606677,1,1,2,nonbreeding,55.43333,-164.2,
10-0433,NF001952,Semidi,0.983263546,1.102177907,1,1,2,nonbreeding,55.08167,-165.53833,
10-0437,NF001954,Semidi,0.999059696,0.048428935,1,1,3,nonbreeding,55.31917,-163.65611,
10-0438,NF001955,StMatthew,0.998990946,-0.986997356,1,1,8,breeding,56.475,-166.385,
10-0441,NF001958,StMatthew,0.998972912,1.952037951,1,1,8,breeding,56.475,-166.385,
10-0442,NF001959,Chagulak,0.99965187,0.124561185,1,1,8,breeding,56.475,-166.385,
10-0443,NF001960,Pribilof,0.994794609,0.014386394,1,1,9,breeding,59.16667,-176.96667,
10-0444,NF001961,Semidi,0.997836657,1.585160974,1,1,11,nonbreeding,56.04167,-163.81667,
10-0445,NF001962,StMatthew,0.999991331,0.223721475,1,1,10,nonbreeding,58.75,-174.35,
10-0447,NF001964,Pribilof,0.999606232,1.317752586,1,1,9,breeding,59.53333,-177.16667,3555
10-0448,NF001965,Pribilof,0.996575451,0.610728676,1,0,7,breeding,,,
10-0450,NF001967,StMatthew,0.994597874,1.184655605,1,1,8,breeding,59.35,-176.6,
10-0501,NF001968,Semidi,0.99637679,0.112736981,1,1,11,nonbreeding,57.01528,-173.41944,
10-0502,NF001969,Semidi,0.99694734,0.395982104,1,1,10,nonbreeding,57.01528,-173.41944,
10-0503,NF001970,Pribilof,0.999937715,0.874086225,1,1,9,breeding,59.61667,-175.29333,
10-0504,NF001971,Semidi,0.999999975,-0.563060689,1,1,11,nonbreeding,59.11667,-176.81667,
10-0508,NF001975,Semidi,0.944029914,0.70445996,1,1,9,breeding,59.99833,-176.71167,
10-0511,NF001978,Semidi,0.999735479,-1.663141087,1,1,11,nonbreeding,57.29667,-172.13583,
10-0512,NF001979,Pribilof,0.999767104,0.387489642,1,1,11,nonbreeding,56.85472,-168.18333,
10-0515,NF001981,Semidi,0.993688357,1.322105433,1,1,10,nonbreeding,57.66667,-171.04167,
10-0520,NF001983,StMatthew,0.99955422,0.301703019,1,1,10,nonbreeding,57.66667,-171.04167,
10-0521,NF001984,Pribilof,0.998343944,0.204349489,1,1,10,nonbreeding,57.66667,-171.04167,
10-0524,NF001987,Pribilof,0.999956663,-0.30254543,1,1,10,nonbreeding,57.66667,-171.04167,
10-0527,NF001990,StMatthew,0.999446222,0.149220453,1,1,10,nonbreeding,57.66667,-171.04167,
10-0528,NF001991,Pribilof,0.999596853,-0.808297852,1,1,9,breeding,58.99167,-176.625,
10-0546,NF001992,Pribilof,0.998908337,-0.36969719,1,1,9,breeding,59.61667,-175.29333,
10-0547,NF001993,StMatthew,0.999634667,0.558761901,1,1,9,breeding,59.61667,-175.29333,
10-0550,NF001996,StMatthew,0.992879419,0.899988592,1,1,9,breeding,59.61667,-175.29333,3647
10-0551,NF001997,StMatthew,0.999959392,-0.164939597,1,1,11,nonbreeding,59.18111,-177.43444,3648
10-0552,NF001998,Semidi,0.999869559,-0.468241175,1,1,11,nonbreeding,59.26194,-176.90528,3649
10-0556,NF002002,Semidi,0.999159788,1.061597494,1,1,10,nonbreeding,56.34167,-171.01667,
10-0558,NF002004,Pribilof,0.995507571,0.152178328,1,1,10,nonbreeding,51.95333,-171.965,
10-0561,NF002005,Semidi,0.96848527,0.350502355,1,1,8,breeding,59.5,-176.23333,
10-0563,NF002007,StMatthew,0.991002109,0.902906372,1,1,9,breeding,56.31666667,-165.7,3660
10-0564,NF002008,Semidi,0.999986269,-2.212929651,1,1,9,breeding,56.31666667,-165.7,3661
10-0566,NF002010,Chagulak,0.998403489,0.485686891,1,1,9,breeding,56.31666667,-165.7,
10-0567,NF002011,Pribilof,0.998881338,0.538502742,1,1,9,breeding,56.31666667,-165.7,
10-0570,NF002014,Semidi,0.977863513,0.286565796,1,1,11,nonbreeding,55.17,-164.51333,
10-0571,NF002015,Pribilof,0.997742626,-0.077458344,1,1,11,nonbreeding,59.235,-177.24667,
10-0580,NF002016,Semidi,0.998119741,-0.986648311,1,1,1,nonbreeding,55.88361,-163.1225,
10-0581,NF002017,StMatthew,0.978121627,-0.769749974,1,1,3,nonbreeding,55.53444,-156.74556,
10-0588,NF002018,Pribilof,0.998832743,0.143133721,1,1,9,breeding,59.61667,-175.29333,
10-0589,NF002019,Pribilof,0.999990804,1.722417492,1,1,9,breeding,59.61667,-175.29333,
10-0590,NF002020,Chagulak,0.999970675,0.55045904,1,1,9,breeding,59.61667,-175.29333,
10-0592,NF002022,Semidi,0.976178929,1.636242302,1,1,9,breeding,55.95,-163.34,
10-0594,NF002024,Chagulak,0.997200686,1.24319311,1,1,9,breeding,55.95,-163.34,
10-0595,NF002025,StMatthew,0.998409475,1.118915153,1,1,9,breeding,55.95,-163.34,
10-0596,NF002026,Semidi,0.981316043,0.529660273,1,1,8,breeding,60.79194,-176.32389,
10-0597,NF002027,Semidi,0.999571162,0.631628305,1,1,9,breeding,56.16222,-165.29917,
10-0598,NF002028,Pribilof,0.998489871,1.447710979,1,1,9,breeding,60.17833,-174.985,
10-0599,NF002029,StMatthew,0.99948366,0.144980701,1,1,9,breeding,60.17833,-174.985,
10-0612,NF002030,Semidi,0.999846169,-0.703728279,1,1,3,nonbreeding,55.31917,-163.65611,
10-0613,NF002031,StMatthew,0.996780149,-1.74373899,1,1,2,nonbreeding,59.07472,-174.96944,
10-0614,NF002032,StMatthew,0.99844702,0.182174596,1,1,2,nonbreeding,59.03611,-175.43667,
10-0615,NF002033,StMatthew,0.999342534,0.059780484,1,1,1,nonbreeding,56.83333,-167.66667,
10-0617,NF002035,StMatthew,0.999851599,0.389944794,1,1,3,nonbreeding,56.75305556,-155.2047222,
10-0618,NF002036,Chagulak,0.994347843,0.523371357,1,1,3,nonbreeding,51.64833,-178.23,
10-0619,NF002037,Semidi,0.99891741,-0.665234361,1,1,6,breeding,51.93611,-171.92611,
10-0620,NF002038,Semidi,0.996258459,-0.339615475,1,1,5,breeding,53.82556,-165.86694,
10-0621,NF002039,Semidi,0.999763277,0.901065044,1,1,5,breeding,53.82556,-165.86694,
10-0622,NF002040,Semidi,0.999668333,-0.805198595,1,1,5,breeding,53.82556,-165.86694,
10-0649,NF002044,Pribilof,0.999789722,-0.496848748,1,1,11,nonbreeding,56.85,-173.055,
10-0651,NF002046,Chagulak,0.986048818,1.09160558,1,1,11,nonbreeding,56.85,-173.055,
10-0653,NF002048,Semidi,0.999971269,0.702572104,1,1,11,nonbreeding,56.85,-173.055,
10-0654,NF002049,Semidi,0.999937334,0.772775595,1,1,11,nonbreeding,56.85,-173.055,
10-0655,NF002050,Chagulak,0.984927585,1.997064642,1,1,11,nonbreeding,56.85,-173.055,3748
10-0656,NF002051,Pribilof,0.996970517,1.082517772,1,1,11,nonbreeding,56.85,-173.055,
10-0657,NF002052,Pribilof,0.994141601,0.825813148,1,1,10,nonbreeding,52.61667,173.05667,
10-0658,NF002053,Pribilof,0.992955799,1.491401422,1,1,10,nonbreeding,57.01528,-173.41944,
10-0659,NF002054,StMatthew,0.999223753,0.313737924,1,1,11,nonbreeding,57.01528,-173.41944,
10-0680,NF002056,Pribilof,0.999961164,1.467867516,1,1,2,nonbreeding,59.07472,-174.96944,
10-0682,NF002058,StMatthew,0.999437722,-1.473094967,1,1,2,nonbreeding,59.07472,-174.96944,
10-0683,NF002059,Pribilof,0.999802974,1.812881769,1,1,2,nonbreeding,59.07472,-174.96944,
10-0685,NF002061,Semidi,0.99995754,0.530106152,1,1,3,nonbreeding,54.2,-161.23333,
10-0703,NF002062,StMatthew,0.999872662,-1.432782306,1,1,3,nonbreeding,55.61083,-164.14972,
10-0723,NF002063,Pribilof,0.999784812,1.001061749,1,1,9,breeding,56.2,-170.23333,
10-0724,NF002064,Chagulak,0.999914111,-1.373091584,1,1,9,breeding,56.35,-170.3,
10-0725,NF002065,Chagulak,0.999969193,0.134821971,1,1,9,breeding,56.35,-170.3,
10-0726,NF002066,Semidi,0.999018293,1.614266274,1,1,10,nonbreeding,54.55,-159.43333,
10-0727,NF002067,Semidi,0.987564299,2.002980804,1,1,10,nonbreeding,54.55,-159.43333,
10-0730,NF002070,Semidi,0.990231161,0.768050177,1,1,9,breeding,54.08333,-166.6,
10-0738,NF002071,Chagulak,0.999995001,-2.225713934,1,1,12,nonbreeding,44.26667,-124.96667,
10-0744,NF002072,Pribilof,0.975321105,0.639949007,1,1,9,breeding,55.03278,-167.1025,
10-0745,NF002073,Semidi,0.999543244,2.181588347,1,1,10,nonbreeding,55.03278,-167.1025,
10-0762,NF002074,Semidi,0.994585032,1.143014039,1,0,7,breeding,,,
10-0764,NF002076,Pribilof,0.995673831,0.926300701,1,1,9,breeding,59.68333,-177.88333,
10-0777,NF002077,Pribilof,0.999913449,-1.521828639,1,1,7,breeding,58.99167,-176.625,
10-0778,NF002078,Chagulak,0.981230775,0.275101417,1,1,7,breeding,58.99167,-176.625,
10-0779,NF002079,Semidi,0.999834229,-1.745861168,1,1,7,breeding,51.71861,-178.39028,
10-0780,NF002080,Semidi,0.999808844,0.234933945,1,1,7,breeding,56.44833,-168.17,
10-0781,NF002081,StMatthew,0.999010737,-0.024935395,1,1,6,breeding,59.91083333,-178.9623333,
10-0782,NF002082,Semidi,0.999708236,0.130575738,1,1,7,breeding,58.59333,-173.41,
10-0784,NF002083,Semidi,0.998475859,-0.242927598,1,1,7,breeding,58.99167,-176.625,
10-0785,NF002084,Semidi,0.999464197,0.479435578,1,1,7,breeding,58.59333,-173.41,
10-0787,NF002086,Pribilof,0.999880821,-0.144756118,1,1,7,breeding,51.71861,-178.39028,
11-0194,NF001655,StMatthew,0.997553708,0.909399754,1,1,8,breeding,58.72167,-174.85167,
11-0195,NF001656,Semidi,0.999863511,0.611493782,1,1,8,breeding,59.20083,-176.39944,
11-0196,NF001657,Chagulak,0.998293163,0.392275472,1,1,1,nonbreeding,56.07361,-162.58722,3912
11-0197,NF001658,Chagulak,0.999458876,0.497159288,1,1,7,breeding,56.245,-171.18528,
11-0199,NF001659,StMatthew,0.999857256,-0.975258625,1,1,10,nonbreeding,56.12806,-169.72639,
11-0200,NF001660,Semidi,0.999895413,1.178773034,1,1,8,breeding,59.67833,-177.71833,
11-0201,NF001661,Semidi,0.989046069,0.111972028,1,1,10,nonbreeding,56.41667,-164.5,
11-0218,NF001662,Semidi,0.991546951,1.000870516,1,1,9,breeding,59.81111,-178.1875,3934
11-0223,NF001666,StMatthew,0.997285806,1.45010579,1,1,9,breeding,56.65,-169.88333,
11-0224,NF001667,StMatthew,0.992316347,-1.861367264,1,1,9,breeding,60,-176.25,
11-0225,NF001668,StMatthew,0.999958072,-1.265506242,1,1,10,nonbreeding,56.10167,-170.45,
11-0287,NF001671,Pribilof,0.999710186,0.885589153,1,1,12,nonbreeding,56.4175,-163.31444,3983
11-0331,NF001674,Semidi,0.999296639,1.006822484,0,1,,,45.755,-124.7633333,4000
11-0332,NF001675,Chagulak,0.999975276,1.549898328,1,1,11,nonbreeding,42.86667,-124.88333,
11-0333,NF001676,Chagulak,0.997000147,-1.068023204,1,1,11,nonbreeding,46.64,-124.71667,
11-0347,NF001678,Pribilof,0.998056583,1.265781299,1,1,12,nonbreeding,44.23333,-125,
11-0348,NF001679,StMatthew,0.995118587,0.247287446,1,1,8,breeding,58.76833,-175.915,4017
11-0349,NF001680,Semidi,0.999597043,-0.264709777,1,1,11,nonbreeding,56.00667,-169.995,4018
11-0350,NF001681,Semidi,0.999992494,-0.159455097,1,1,10,nonbreeding,56.41667,-164.5,
11-0351,NF001682,Semidi,0.99984897,-0.492353567,1,1,11,nonbreeding,56.03,-169.55167,4020
11-0352,NF001683,StMatthew,0.998391139,0.716034174,1,1,11,nonbreeding,56.00667,-169.995,4021
11-0355,NF001686,Pribilof,0.999592516,-0.069225728,1,1,11,nonbreeding,56.70111,-166.34,
11-0368,NF001691,StMatthew,0.994443154,0.343117863,1,1,2,nonbreeding,56.82333,-173.10667,
11-0369,NF001692,Semidi,0.925499056,0.152599614,1,1,2,nonbreeding,56.81667,-172.65333,
11-0371,NF001694,Semidi,0.999958589,0.054456593,1,1,3,nonbreeding,56.80167,-170.94,4040
11-0373,NF001696,Pribilof,0.988784886,1.197524443,1,1,1,nonbreeding,56.38306,-165.59778,
11-0375,NF001698,Semidi,0.996503764,-0.339605606,1,1,3,nonbreeding,52.265,-173.71167,
11-0376,NF001699,Semidi,0.998052522,-1.404182425,0,0,,,,,4045
11-0565,NF001702,Pribilof,0.999956451,1.112801959,1,1,10,nonbreeding,56.10167,-170.45,
11-0566,NF001703,Pribilof,0.993672001,1.174310198,1,1,10,nonbreeding,57.36667,-164.2,
11-0567,NF001704,Semidi,0.996720616,0.235378754,1,1,11,nonbreeding,59,-177.02639,
11-0568,NF001705,Semidi,0.99968975,1.529082513,1,1,10,nonbreeding,55.06167,-165.79833,4065
11-0569,NF001706,StMatthew,0.964474904,-0.79864979,1,1,10,nonbreeding,55.98333,-165.28333,
11-0570,NF001707,Chagulak,0.991882592,0.32088824,1,1,10,nonbreeding,54.85,-165.65,
11-0572,NF001709,Chagulak,0.999901696,-2.19731249,1,1,11,nonbreeding,59,-177.02639,
11-0573,NF001710,Pribilof,0.998578687,0.292992811,1,1,10,nonbreeding,56.86278,-170.84389,
11-0575,NF001712,StMatthew,0.999965359,0.591150526,1,1,1,nonbreeding,58.95639,-175.90167,
11-0576,NF001713,Semidi,0.999588726,1.530146534,1,1,2,nonbreeding,56.41667,-166.51167,
11-0578,NF001715,Pribilof,0.999524414,1.452385465,1,1,1,nonbreeding,59.88361,-176.57944,
11-0579,NF001716,StMatthew,0.99587328,0.640186593,1,1,2,nonbreeding,56.80833,-173.165,
11-0582,NF001719,Semidi,0.999975682,0.42975445,1,1,2,nonbreeding,52.02,-171.97833,
11-0583,NF001720,StMatthew,0.998684267,-0.510750949,1,1,1,nonbreeding,56.15,-162.75,
11-0589,NF001725,Semidi,0.999859936,0.855510807,1,1,10,nonbreeding,56.92361,-170.96278,
11-0590,NF001726,StMatthew,0.995397324,2.091994182,1,1,10,nonbreeding,56.92361,-170.96278,
11-0591,NF001727,StMatthew,0.999981592,-0.914789449,1,1,10,nonbreeding,56.92361,-170.96278,
11-0592,NF001728,Semidi,0.996144603,2.145555441,1,1,1,nonbreeding,58.95639,-175.90167,
11-0593,NF001729,Chagulak,0.964860799,1.143623166,1,1,3,nonbreeding,56.78861,-172.96972,
11-0630,NF001731,Chagulak,0.98877254,-0.240160755,1,1,10,nonbreeding,55.76167,-168.21667,
11-0635,NF001735,Pribilof,0.98969656,0.004728705,1,1,8,breeding,59.20083,-176.39944,
11-0636,NF001736,Semidi,0.999376628,-0.64772701,1,1,11,nonbreeding,56.85472,-168.18333,
11-0640,NF001740,Semidi,0.999905314,1.027175375,1,1,10,nonbreeding,57.35,-164.25,
11-0642,NF001742,Pribilof,0.996814436,2.3296083,1,1,10,nonbreeding,56.85667,-173.355,
11-0643,NF001743,Chagulak,0.988067365,-1.219620139,1,1,7,breeding,58.6,-177.33333,
11-0645,NF001745,Semidi,0.999991406,1.339403601,1,1,7,breeding,55.29917,-156.69917,4139
11-0648,NF001746,Chagulak,0.99443677,-0.273451428,1,1,8,breeding,57.03611,-172.93306,
11-0650,NF001748,Semidi,0.970272448,2.414426202,1,1,3,nonbreeding,59.21667,-146.21667,4144
11-0652,NF001750,Semidi,0.997939228,1.752043644,1,1,4,nonbreeding,59.21667,-146.21667,
11-0653,NF001751,Semidi,0.998069781,0.954050502,1,1,6,breeding,59.94667,-178.995,
11-0654,NF001752,StMatthew,0.98367438,-0.578949467,1,1,6,breeding,59.84833,-179.00333,
11-0656,NF001754,StMatthew,0.999949787,-1.054736525,1,1,6,breeding,59.84833,-178.87,
11-0657,NF001755,StMatthew,0.999628499,-0.286055081,1,1,6,breeding,59.84833,-178.87,
11-0659,NF001757,StMatthew,0.997930843,0.859634612,1,1,7,breeding,57.61667,-173.51667,
11-0660,NF001758,StMatthew,0.999924462,-0.761488337,0,0,,,,,4154
11-0678,NF001759,Semidi,0.999989851,0.751306249,1,1,9,breeding,55.46333,-156.90167,
11-0679,NF001760,StMatthew,0.93447004,0.769105147,1,1,9,breeding,57.69417,-171.56889,4173
11-0680,NF001761,StMatthew,0.994334425,-0.06777389,1,1,11,nonbreeding,56.40528,-166.97167,
11-0683,NF001764,Semidi,0.999666965,0.758494228,1,1,10,nonbreeding,56.53667,-166.52167,
11-0684,NF001765,StMatthew,0.99434589,0.981812487,1,1,10,nonbreeding,55.76167,-168.21667,4178
11-0686,NF001767,Semidi,0.998088045,0.144891173,1,1,10,nonbreeding,55.61167,-168.03167,4180
11-0732,NF001768,StMatthew,0.999770609,0.207724271,1,1,11,nonbreeding,57.28333,-165.145,
11-0735,NF001771,StMatthew,0.965256318,-0.373581117,1,1,11,nonbreeding,55.22833,-167.64667,4213
11-0736,NF001772,Semidi,0.999984138,0.648305451,1,1,11,nonbreeding,54.87861,-165.35444,4214
11-0737,NF001773,Semidi,0.999226913,1.650304402,1,1,11,nonbreeding,56.21778,-168.73611,
11-0738,NF001774,Chagulak,0.997990325,0.625631426,0,1,,,58.57333,-176.83889,4216
11-0741,NF001775,Pribilof,0.921323798,0.361756202,1,1,11,nonbreeding,56.6525,-164.79556,
11-0772,NF001776,StMatthew,0.989537179,-1.222559223,1,1,11,nonbreeding,59,-177.02639,
11-0830,NF001778,StMatthew,0.99943547,0.405214096,1,1,11,nonbreeding,56.85472,-168.18333,
11-0831,NF001779,Pribilof,0.968942407,1.396128884,1,1,6,breeding,59.94667,-178.99,
11-0832,NF001780,Pribilof,0.994382271,0.197296125,1,1,6,breeding,59.825,-178.89167,
11-0833,NF001781,Pribilof,0.999992914,-1.242212336,0,0,,,,,4233
11-0834,NF001782,Semidi,0.999768522,-2.418677288,1,1,7,breeding,58.86722,-174.18667,4234
11-0835,NF001783,Chagulak,0.999907196,-0.43836625,1,1,6,breeding,57.2,-172.78333,
11-0837,NF001785,Semidi,0.997460174,2.357972925,1,1,10,nonbreeding,56.23333,-164.36667,
11-0839,NF001787,Chagulak,0.99999893,1.148095432,1,1,2,nonbreeding,55.46833,-164.675,
11-0840,NF001788,Semidi,0.994763264,1.898063169,1,1,3,nonbreeding,55.33333,-164.9,4240
11-0862,NF001790,Semidi,0.999204776,0.355011674,1,1,4,nonbreeding,58.79639,-177.67222,
11-0863,NF001791,StMatthew,0.998581156,-1.620102151,1,1,3,nonbreeding,58.98917,-177.72472,
11-0864,NF001792,Semidi,0.997230923,1.284643506,1,1,3,nonbreeding,55.12167,-165.18833,
11-0865,NF001793,StMatthew,0.999941651,-0.926423812,1,1,2,nonbreeding,56.32167,-165.805,
11-0866,NF001794,Semidi,0.999790538,1.013300391,1,1,2,nonbreeding,55.39222,-164.00111,
11-0867,NF001795,Pribilof,0.995517183,0.383438419,1,1,3,nonbreeding,57.61694,-173.99944,
11-0869,NF001797,StMatthew,0.999978688,-1.762188352,1,1,3,nonbreeding,58.695,-176.7,4269
11-0871,NF001799,StMatthew,0.981229795,1.00441948,1,1,4,nonbreeding,55.1275,-164.59083,4271
11-0872,NF001800,Chagulak,0.999709836,-0.968143896,1,1,4,nonbreeding,55.12972,-164.51778,4272
11-0876,NF001801,Pribilof,0.999574469,0.160078754,1,1,4,nonbreeding,55.12972,-164.51778,4276
11-0882,NF001803,Chagulak,0.993855658,0.954722651,1,1,5,breeding,55.12694,-156.75694,
11-0887,NF001804,StMatthew,0.984552001,-0.684857116,1,1,11,nonbreeding,56.74056,-165.7175,4287
11-0888,NF001805,Semidi,0.998981136,-1.047753547,1,1,2,nonbreeding,56.57333,-166.97,4288
11-0889,NF001806,Pribilof,0.999475661,-0.223203424,1,1,3,nonbreeding,59.00333,-176.27333,
11-0892,NF001808,Semidi,0.984839165,0.899364461,1,1,2,nonbreeding,55.80028,-163.37889,4292
11-0896,NF001809,Pribilof,0.982803268,0.930149189,1,1,2,nonbreeding,56.02972,-164.97278,4296
11-0897,NF001810,Pribilof,0.999238242,0.324716504,1,1,3,nonbreeding,55.81222,-165.3225,4297
11-0898,NF001811,Semidi,0.999959559,1.448968158,1,1,2,nonbreeding,55.74,-164.695,
11-0899,NF001812,Chagulak,0.993985654,2.357784026,1,1,2,nonbreeding,55.74,-164.695,
11-0900,NF001813,StMatthew,0.987187516,1.007081049,1,1,10,nonbreeding,56.24111,-167.11861,
12-0010,NF001584,Semidi,0.999855636,0.664560994,1,1,10,nonbreeding,59.53361,-173.025,
12-0012,NF001586,Semidi,0.999920229,1.757399656,1,1,10,nonbreeding,56.705,-165.755,4308
12-0013,NF001587,Semidi,0.941425155,-0.145899756,1,1,10,nonbreeding,59.69722,-173.32111,
12-0014,NF001588,Semidi,0.999512044,-0.31666295,1,1,10,nonbreeding,59.69722,-173.32111,
12-0015,NF001589,Semidi,0.999045174,1.444052615,1,1,10,nonbreeding,59.69722,-173.32111,
12-0016,NF001590,Pribilof,0.999998303,0.06597927,1,1,10,nonbreeding,59.69722,-173.32111,
12-0017,NF001591,StMatthew,0.999983749,0.028521765,1,1,10,nonbreeding,59.69722,-173.32111,
12-0020,NF001594,StMatthew,0.964727372,0.341151893,1,1,10,nonbreeding,59.53361,-173.025,
12-0021,NF001595,Pribilof,0.982802676,0.710313565,1,1,10,nonbreeding,59.53361,-173.025,
12-0022,NF001596,StMatthew,0.9961288,0.91262654,1,1,10,nonbreeding,59.53361,-173.025,
12-0027,NF001601,StMatthew,0.998474689,0.76625672,1,1,5,breeding,59.85778,-178.34722,
12-0030,NF001604,Pribilof,0.998195464,1.775276454,1,1,9,breeding,59.73333,-176.85,
12-0031,NF001605,Pribilof,0.999921548,-0.609147181,1,1,9,breeding,59.43333,-177.13333,
12-0032,NF001606,Semidi,0.999977481,0.620929758,1,1,5,breeding,57.06833,-151.16,4328
12-0034,NF001608,StMatthew,0.975382708,1.931676323,1,1,9,breeding,57.21333,-171.01,
12-0035,NF001609,Chagulak,0.999904814,1.868165418,1,1,7,breeding,57.91833,-171.94333,
12-0036,NF001610,Chagulak,0.980965627,-0.129976015,1,1,8,breeding,56.13333,-169.85333,4332
12-0037,NF001611,Pribilof,0.997581203,0.729463374,1,1,9,breeding,59.58333,-177.1,
12-0040,NF001614,Chagulak,0.999753229,-0.711601011,1,1,9,breeding,60.24,-176.30667,
12-0041,NF001615,Pribilof,0.999942929,0.99206232,1,1,9,breeding,57.21333,-171.01,
12-0043,NF001617,Pribilof,0.999290589,1.312324639,1,1,9,breeding,59.43333,-177.03333,
12-0046,NF001620,Pribilof,0.99958085,1.118333893,1,1,7,breeding,59.735,-176.855,
12-0047,NF001621,Chagulak,0.999996864,-1.090526311,1,1,7,breeding,58.86667,-174.01667,4343
12-0048,NF001622,Pribilof,0.999865095,0.511035085,1,1,7,breeding,58.20861,-173.97361,4344
12-0049,NF001623,Semidi,0.989723118,-0.28074221,1,1,8,breeding,58.06833,-173.47833,4345
12-0050,NF001624,StMatthew,0.982706576,1.278972196,1,1,9,breeding,55.96611,-165.17972,
12-0051,NF001625,Semidi,0.999565808,0.983742856,1,1,9,breeding,55.96944,-165.02611,
12-0053,NF001626,Chagulak,0.999249306,0.47989854,1,1,9,breeding,56.47,-170.25,
12-0054,NF001627,Pribilof,0.998987769,0.070520404,1,1,9,breeding,56.88667,-170.57167,
12-0055,NF001628,StMatthew,0.977763001,1.985699087,1,1,8,breeding,59.3,-177.76,
12-0056,NF001629,StMatthew,0.977408736,1.750716028,1,1,8,breeding,59.3,-177.76,
12-0057,NF001630,Semidi,0.999940904,-0.320280416,1,1,10,nonbreeding,56.36333,-164.17556,
12-0058,NF001631,Chagulak,0.994027254,0.290876545,1,1,9,breeding,59.21667,-176.43333,
12-0059,NF001632,StMatthew,0.996343527,0.590875299,1,1,10,nonbreeding,57.56972,-173.41361,
12-0060,NF001633,Chagulak,0.998769336,1.120307865,1,1,8,breeding,57.60833,-174.14889,
12-0063,NF001635,Pribilof,0.999297111,-0.127331792,1,1,8,breeding,57.68333,-172.76667,
12-0065,NF001637,StMatthew,0.999975528,-0.112073989,1,1,9,breeding,60.1,-178.58333,
12-0068,NF001640,Semidi,0.998554592,0.308433368,1,1,9,breeding,57.34333,-170.815,
12-0069,NF001641,Semidi,0.999727214,1.26570667,1,1,9,breeding,57.21333,-171.01,
12-0070,NF001642,StMatthew,0.998027518,0.731591761,1,1,9,breeding,51.57667,178.54167,
12-0071,NF001643,StMatthew,0.999950977,-0.64091929,1,1,9,breeding,59.76667,-177.68333,
12-0072,NF001644,StMatthew,0.990465713,-0.564649672,1,1,9,breeding,60.18833,-176.42833,
12-0073,NF001645,Pribilof,0.999991988,-1.095870406,1,1,9,breeding,60.18833,-176.42833,
12-0074,NF001646,Pribilof,0.998953061,1.111246874,1,1,9,breeding,60.24,-176.30667,
12-0075,NF001647,Semidi,0.999848611,-1.421641562,1,1,10,nonbreeding,54.70667,-165.51833,4371
12-0076,NF001648,Chagulak,0.991688086,-2.142246601,1,1,10,nonbreeding,56.73833,-170.185,
12-0077,NF001649,Semidi,0.99011578,1.641848303,1,1,10,nonbreeding,56.73833,-170.185,
12-0078,NF001650,StMatthew,0.998312738,-0.542214538,1,1,10,nonbreeding,56.73833,-170.185,
12-0079,NF001651,StMatthew,0.999976594,-0.045706157,1,1,5,breeding,57.6,-174.055,4375
12-0080,NF001652,Chagulak,0.949402837,0.402712108,1,1,10,nonbreeding,56.05833,-169.845,4376
12-0085,NF001342,Pribilof,0.999900906,0.479166052,1,1,11,nonbreeding,56.69917,-169.9725,
12-0086,NF001343,Pribilof,0.991200183,0.6203967,1,1,11,nonbreeding,56.69917,-169.9725,
12-0087,NF001344,Pribilof,0.997674172,-0.780360117,1,1,11,nonbreeding,56.69917,-169.9725,
12-0088,NF001345,Pribilof,0.994791685,-0.043206716,1,1,11,nonbreeding,56.69917,-169.9725,
12-0094,NF001347,StMatthew,0.996678035,0.147562189,1,1,10,nonbreeding,57.28833,-170.80667,4388
12-0095,NF001348,Pribilof,0.999896658,-1.871533334,1,1,11,nonbreeding,56.82167,-172.84667,4389
12-0096,NF001349,Semidi,0.997536371,1.317385109,1,1,11,nonbreeding,56.645,-172.915,4390
12-0100,NF001352,Semidi,0.999273285,2.430173988,1,1,11,nonbreeding,59.48667,-176.35,4394
12-0102,NF001353,Semidi,0.982926098,1.780114901,1,1,9,breeding,56.00167,-163.59667,4396
12-0103,NF001354,Semidi,0.998707218,1.756888382,1,1,10,nonbreeding,55.01333,-165.75167,4397
12-0105,NF001355,StMatthew,0.997114321,0.61115542,1,1,11,nonbreeding,54.85,-165.05,
12-0106,NF001356,Semidi,0.986314408,-0.286470805,1,1,11,nonbreeding,54.85,-165.05,
12-0110,NF001360,Pribilof,0.983839775,1.229852847,1,1,11,nonbreeding,59.30833,-176.57389,
12-0111,NF001361,Pribilof,0.999807524,0.322386521,1,1,11,nonbreeding,57.01194,-165.50722,
12-0112,NF001362,Semidi,0.979171614,0.435256847,1,1,11,nonbreeding,55.19333,-166.41833,
12-0115,NF001365,Semidi,0.999980292,0.038541752,1,1,10,nonbreeding,56.73833,-170.185,
12-0116,NF001366,StMatthew,0.99998397,1.422150642,1,1,10,nonbreeding,56.27,-169.98167,
12-0117,NF001367,Semidi,0.999030249,0.380530436,1,1,11,nonbreeding,57.01194,-165.50722,
12-0121,NF001370,StMatthew,0.999951995,0.84808818,1,1,11,nonbreeding,56.45333,-164.96167,
12-0125,NF001373,Semidi,0.999490463,0.118112478,1,1,10,nonbreeding,56.78333,-168.28333,
12-0126,NF001374,StMatthew,0.999853674,-0.002871013,1,1,10,nonbreeding,56.73833,-170.185,
12-0128,NF001376,Pribilof,0.994042826,0.939106376,1,1,10,nonbreeding,56.74167,-170.46167,
12-0129,NF001377,Pribilof,0.999779036,-0.758421062,1,1,10,nonbreeding,56.65167,-168.42333,
12-0130,NF001378,Chagulak,0.999981049,0.106254951,1,1,10,nonbreeding,56.39167,-170.38167,
12-0131,NF001379,Semidi,0.990647938,2.383488038,1,1,10,nonbreeding,56.29167,-170.07167,
12-0135,NF001383,Pribilof,0.950409572,0.99834221,1,1,11,nonbreeding,57.01194,-165.50722,
12-0136,NF001384,Chagulak,0.994867583,0.632344296,1,1,10,nonbreeding,56.69167,-170.28833,4430
12-0138,NF001386,Semidi,0.999556463,0.212729549,1,1,10,nonbreeding,56.55778,-166.74778,
12-0139,NF001387,Chagulak,0.986954814,0.665749377,1,1,11,nonbreeding,58.60333,-177.24333,
12-0140,NF001388,StMatthew,0.999181169,0.641396917,1,1,10,nonbreeding,56.73833,-170.185,
12-0141,NF001389,StMatthew,0.978791804,0.131862409,1,1,10,nonbreeding,56.73833,-170.185,
12-0144,NF001392,StMatthew,0.99467157,0.138871246,1,1,10,nonbreeding,56.74,-168.865,4438
13-0010,NF001394,Pribilof,0.999767908,0.77191037,1,1,7,breeding,59.36,-175.91667,4525
13-0012,NF001396,Chagulak,0.998572095,0.535654483,1,1,6,breeding,58.16333,-171.75,4527
13-0013,NF001397,Pribilof,0.996451575,0.656389856,1,1,7,breeding,59.505,-175.66667,4528
13-0014,NF001398,StMatthew,0.979695535,0.663925038,1,1,7,breeding,59.505,-175.66667,4529
13-0015,NF001399,StMatthew,0.999421485,-0.831752216,1,1,6,breeding,57.74333,-171.68,4530
13-0016,NF001400,Semidi,0.999992483,1.083120883,1,1,7,breeding,59.505,-175.66667,4531
13-0017,NF001401,Chagulak,0.999642287,-1.370212816,1,1,7,breeding,59.505,-175.66667,4532
13-0018,NF001402,Pribilof,0.999727968,0.039955551,1,1,7,breeding,59.505,-175.66667,4533
13-0019,NF001403,Semidi,0.999995617,-0.17782412,1,1,7,breeding,59.505,-175.66667,4534
13-0020,NF001404,StMatthew,0.978789928,1.618900426,1,1,7,breeding,59.61833,-175.75167,4535
13-0021,NF001405,StMatthew,0.978562788,0.387561533,1,1,7,breeding,59.36,-175.91667,4536
13-0023,NF001407,Chagulak,0.999285737,-0.146790358,1,1,6,breeding,57.73167,-171.68167,4538
13-0024,NF001408,StMatthew,0.999998933,-1.073736371,1,1,7,breeding,59.58833,-175.86667,4539
13-0033,NF001409,StMatthew,0.991890204,0.648434349,1,1,5,breeding,59.70083,-178.42028,4548
13-0035,NF001411,StMatthew,0.999655977,0.378585549,1,1,5,breeding,59.70083,-178.42028,
13-0036,NF001412,StMatthew,0.98680464,0.268297189,0,0,,,,,4551
13-0037,NF001413,StMatthew,0.997453825,0.838845921,0,0,,,,,4552
13-0042,NF001417,StMatthew,0.993385191,-1.146374617,1,1,5,breeding,56.92333,-170.59,
13-0044,NF001419,StMatthew,0.983878622,1.152342303,1,1,3,nonbreeding,56.4,-170.31667,
13-0045,NF001420,Semidi,0.999050916,0.902104711,1,1,4,nonbreeding,53.86667,-163.41667,
13-0046,NF001421,Semidi,0.997499402,0.553337712,1,1,11,nonbreeding,59.33333,-176.70167,4560
13-0047,NF001476,StMatthew,0.999014583,1.26252062,1,1,5,breeding,57.60667,-174.14,4561
13-0070,NF001477,Chagulak,0.99982253,1.897278705,1,1,7,breeding,59.20167,-176.465,4582
13-0071,NF001478,StMatthew,0.989090143,0.77326498,1,1,7,breeding,59.45667,-177.755,4583
13-0072,NF001479,Semidi,0.999999387,0.342653411,1,1,7,breeding,58.83,-175.175,4584
13-0074,NF001481,Semidi,0.993094562,1.06310108,1,1,7,breeding,57.905,-173.29167,4586
13-0077,NF001483,Pribilof,0.934857589,1.520537786,1,1,7,breeding,59.45667,-177.755,
13-0078,NF001484,StMatthew,0.999739744,1.802281356,1,1,7,breeding,59.43333,-178.015,
13-0087,NF001490,Pribilof,0.995598461,0.231704461,1,1,1,nonbreeding,56.45,-170.18333,4599
13-0090,NF001493,StMatthew,0.995460812,1.952198964,1,1,2,nonbreeding,57.38333,-171.65,
13-0091,NF001494,Pribilof,0.987172124,1.234841573,1,1,3,nonbreeding,57.38333,-171.65,
13-0092,NF001495,Chagulak,0.999984037,-1.141359326,1,1,2,nonbreeding,57.38333,-171.65,
13-0093,NF001496,StMatthew,0.979281145,1.301433651,1,1,2,nonbreeding,56.95,-171.43333,
13-0110,NF001497,Chagulak,0.998505732,0.67841698,1,1,2,nonbreeding,55.09333,-164.78667,
13-0111,NF001498,StMatthew,0.990947601,-1.016949763,1,1,3,nonbreeding,54.78833,-165.42,
13-0112,NF001499,Chagulak,0.999670717,1.220110152,1,1,2,nonbreeding,56.06167,-166.785,
13-0115,NF001502,StMatthew,0.909977485,2.155696447,1,1,12,nonbreeding,56.06167,-163.64333,4627
13-0116,NF001503,StMatthew,0.934349735,1.246553001,1,1,4,nonbreeding,56.76361,-173.36333,
13-0118,NF001505,Semidi,0.97366208,-0.956907193,1,1,6,breeding,56.64,-168.79333,4630
13-0120,NF001507,StMatthew,0.999941343,0.566893335,1,1,11,nonbreeding,58.90833,-176.79833,4632
13-0122,NF001509,Semidi,0.999941354,0.615136829,1,1,12,nonbreeding,56.84972,-165.12472,4634
13-0123,NF001510,Pribilof,0.99998466,0.280753213,1,1,12,nonbreeding,56.57722,-169.88361,
13-0124,NF001511,StMatthew,0.999555047,-0.897793375,0,0,,,,,4636
13-0301,NF001512,Pribilof,0.990747517,0.266236407,1,1,6,breeding,58.56667,-176.75,
13-0304,NF001514,Semidi,0.999997385,1.772063405,1,1,9,breeding,55.78028,-165.20694,
13-0305,NF001515,Semidi,0.993512203,0.516878839,1,1,9,breeding,56.46,-168.61,4641
13-0307,NF001517,Pribilof,0.999933771,1.68885491,1,1,10,nonbreeding,56.43056,-170.58833,
13-0308,NF001518,Pribilof,0.999882254,-1.56387058,1,1,6,breeding,57.325,-171.14722,
13-0311,NF001520,Semidi,0.996703344,-1.082164469,1,1,9,breeding,56.08889,-165.32222,
13-0313,NF001522,Chagulak,0.999858179,0.814440834,1,1,10,nonbreeding,56.38861,-170.78306,
13-0314,NF001523,Semidi,0.999076967,0.04389655,1,1,6,breeding,52.155,-179.66667,
13-0315,NF001524,Pribilof,0.981718812,1.753763142,1,1,7,breeding,59.66,-177.17667,
13-0316,NF001525,Chagulak,0.997158476,0.119127139,1,1,7,breeding,59.66,-177.17667,
13-0317,NF001526,Semidi,0.998188476,0.517896396,1,1,7,breeding,59.66,-177.17667,
13-0318,NF001527,Chagulak,0.997823138,1.390684377,1,1,7,breeding,59.66,-177.17667,
13-0319,NF001528,Chagulak,0.981303572,-0.468201607,1,1,7,breeding,59.66,-177.17667,
13-0320,NF001529,StMatthew,0.996589544,0.842614161,1,1,10,nonbreeding,56.49833,-170.80917,
13-0321,NF001530,Semidi,0.994968568,0.821542281,1,1,6,breeding,52.155,-179.66667,
13-0322,NF001531,Semidi,0.999488672,-0.026009167,1,1,7,breeding,59.69333,-177.56833,
13-0325,NF001534,Semidi,0.999998863,-0.792553519,1,1,6,breeding,57.88333,-173.2,
13-0326,NF001535,Chagulak,0.998985009,2.102751663,1,1,7,breeding,59.08333,-176.71667,
13-0327,NF001536,Semidi,0.995506122,-1.179396703,1,1,4,nonbreeding,59.02167,-141.54667,4663
13-0328,NF001537,StMatthew,0.999689886,-0.43177686,1,0,2,nonbreeding,,,
13-0329,NF001538,Semidi,0.999882222,0.366039005,1,1,5,breeding,57.33333,-150.62667,4665
13-0330,NF001539,Semidi,0.993479236,0.452803841,1,1,8,breeding,55.20333,-164.56167,
13-0331,NF001540,Semidi,0.965304481,0.568483322,1,1,7,breeding,58.31667,-173.68333,4667
13-0332,NF001541,StMatthew,0.985089585,0.014506564,1,1,5,breeding,59.61278,-178.16667,4668
13-0333,NF001542,StMatthew,0.999724637,-0.554169941,1,1,5,breeding,56.81333,-170.27167,4669
13-0335,NF001544,Semidi,0.996016035,1.370617746,1,1,4,nonbreeding,59.02167,-141.54667,4671
13-0336,NF001545,Semidi,0.998220199,1.423634557,1,1,4,nonbreeding,59.02167,-141.54667,4672
13-0337,NF001546,Semidi,0.993585557,1.773346963,1,1,4,nonbreeding,59.02167,-141.54667,4673
13-0338,NF001547,Semidi,0.999998143,0.386397659,1,1,4,nonbreeding,59.02167,-141.54667,4674
13-0349,NF001548,StMatthew,0.999109021,-0.547905105,1,1,4,nonbreeding,55.55833,-168.205,
13-0350,NF001549,StMatthew,0.99958743,0.008517472,1,1,3,nonbreeding,56.01833,-170.15333,
13-0351,NF001550,Pribilof,0.994711751,-0.134073503,1,1,5,breeding,58.87,-177.78139,
13-0352,NF001551,Semidi,0.99959514,0.434612305,1,1,7,breeding,59.43833,-176.565,
13-0354,NF001553,Semidi,0.996962351,-0.400169948,1,1,5,breeding,59.85778,-178.34722,
13-0355,NF001554,Semidi,0.998963782,0.966219709,1,1,4,nonbreeding,58.99167,-177.84083,
13-0357,NF001556,StMatthew,0.999933937,0.070315586,1,1,5,breeding,58.87,-177.78139,
13-0358,NF001422,Pribilof,0.996145751,1.127560798,1,1,6,breeding,56.67833,-171.85333,
13-0359,NF001423,Semidi,0.997439551,0.267745366,1,0,8,breeding,,,
13-0361,NF001425,Semidi,0.999976221,0.562885678,1,1,9,breeding,55.79417,-165.12417,
13-0362,NF001426,Pribilof,0.999503703,0.323121138,1,1,8,breeding,56.47694,-169.16694,
13-0364,NF001428,Pribilof,0.998026912,-0.657360655,1,1,7,breeding,59.65333,-176.37167,
13-0365,NF001429,Chagulak,0.999782661,-0.023333746,1,1,7,breeding,59.98167,-176.78833,
13-0368,NF001432,Semidi,0.999652047,1.205160245,1,1,7,breeding,59.68,-176.30667,
13-0369,NF001433,Chagulak,0.986837731,1.319771814,1,1,7,breeding,59.98167,-176.78833,
13-0370,NF001434,Semidi,0.999827881,1.611801591,1,1,5,breeding,54.34,-159.72333,4706
13-0371,NF001435,Semidi,0.999343516,0.018673488,1,1,7,breeding,59.64667,-177.20167,
13-0372,NF001436,Semidi,0.99852809,0.904119651,1,1,7,breeding,59.64667,-177.20167,
13-0374,NF001438,Semidi,0.991769891,1.482547801,1,1,7,breeding,59.64667,-177.20167,
13-0375,NF001439,Semidi,0.999835191,0.61986345,1,1,7,breeding,59.64667,-177.20167,
13-0377,NF001441,Semidi,0.999898801,1.145809435,1,1,7,breeding,59.64667,-177.20167,
13-0378,NF001442,Semidi,0.999990278,-0.053349697,1,1,7,breeding,59.64667,-177.20167,
13-0379,NF001443,Chagulak,0.996294869,2.33654278,1,1,7,breeding,59.58667,-176.85333,
13-0380,NF001444,Semidi,0.999760191,1.210495258,1,1,7,breeding,59.66,-177.17667,
13-0382,NF001446,Semidi,0.998880359,0.845399057,1,1,7,breeding,56.175,-164.25,
13-0384,NF001448,Chagulak,0.938681675,1.600131253,1,1,7,breeding,56.14667,-170.47333,
13-0385,NF001449,Chagulak,0.999826449,0.268969583,1,1,7,breeding,59.69667,-177.24,
13-0387,NF001451,StMatthew,0.995911228,-0.783965739,1,1,7,breeding,59.59333,-177.03333,4723
13-0388,NF001452,Semidi,0.999101148,-0.164582482,1,1,7,breeding,56.44333,-171.015,
13-0389,NF001453,Semidi,0.999020201,0.413176718,1,1,7,breeding,56.51833,-171.565,
13-0390,NF001454,Chagulak,0.950167267,1.632675218,1,1,11,nonbreeding,59.07167,-177.44333,4726
13-0391,NF001455,Semidi,0.999886426,2.016999002,1,1,8,breeding,56.12833,-165.14167,
13-0392,NF001456,Chagulak,0.949121306,-1.164484883,1,1,1,nonbreeding,55.33167,-164.43667,
13-0394,NF001458,Semidi,0.996765038,-0.030608336,1,1,7,breeding,58.685,-174.95333,4730
13-0397,NF001461,Pribilof,0.99992492,1.026997781,1,1,6,breeding,60.23139,-178.68889,
13-0399,NF001463,Chagulak,0.999988442,-1.167577806,1,1,7,breeding,58.73833,-175.195,4735
13-0400,NF001464,Chagulak,0.900513747,-0.842510496,1,1,6,breeding,56.64,-168.79333,4736
13-0401,NF001465,StMatthew,0.999330927,1.279745879,1,1,6,breeding,58.14361,-174.235,4737
13-0402,NF001466,Semidi,0.999449236,0.982125256,1,1,3,nonbreeding,56.64667,-172.515,
13-0403,NF001467,StMatthew,0.939954387,-0.813238624,1,1,7,breeding,58.73833,-175.195,4739
13-0404,NF001468,StMatthew,0.999975741,-0.309291719,1,1,4,nonbreeding,56.36833,-171.02167,4740
13-0406,NF001470,Semidi,0.998066726,0.092263692,1,1,7,breeding,60.20778,-175.53389,4742
13-0407,NF001471,Semidi,0.999807676,-0.121494872,1,1,7,breeding,58.84833,-175.68667,4743
13-0409,NF001472,Semidi,0.979955151,1.318845543,1,1,4,nonbreeding,60.07444,-178.59,4745
13-0410,NF001473,Semidi,0.999917379,0.455098524,1,1,9,breeding,52.01667,-172.03333,4746
13-0411,NF001474,Semidi,0.999883506,-0.288513545,1,1,6,breeding,56.64,-168.79333,4747
13-0412,NF001475,StMatthew,0.998075671,-1.033281143,1,1,7,breeding,58.83,-175.175,4748
13-0413,NF001557,Semidi,0.999102943,0.46986183,1,1,5,breeding,60.07444,-178.59,
13-0414,NF001558,Semidi,0.997964237,1.379339143,1,1,7,breeding,56.64,-168.79333,4750
13-0415,NF001559,Semidi,0.990099811,1.314072686,1,1,7,breeding,58.84833,-175.68667,4751
13-0464,NF001560,Pribilof,0.992922093,-0.083214978,1,1,6,breeding,56.64167,-172.45833,
13-0465,NF001561,Semidi,0.999985567,0.349558177,1,1,8,breeding,57.60833,-174.14889,
13-0467,NF001563,Semidi,0.999992622,1.082186045,1,1,7,breeding,56.14667,-170.47333,
13-0472,NF001567,Chagulak,0.99858913,1.131285689,1,1,8,breeding,58.48333,-173.39667,
13-0478,NF001572,Pribilof,0.963041025,1.837755679,1,1,6,breeding,55.48333,-163.83333,
13-0479,NF001573,Semidi,0.965407953,0.319856871,1,1,6,breeding,55.41667,-164.10833,
13-0480,NF001574,StMatthew,0.998284324,1.242211286,1,1,6,breeding,56.01667,-169.28333,
13-0481,NF001575,Pribilof,0.997896858,1.633711761,1,1,5,breeding,58.87,-177.78139,
13-0483,NF001577,Semidi,0.991163139,0.377405735,1,1,6,breeding,52.155,-179.66667,
13-0484,NF001578,Semidi,0.998476339,-0.063442506,1,1,6,breeding,57.96667,-173.7,
13-0485,NF001579,Pribilof,0.999239538,1.694915732,1,1,6,breeding,52.155,-179.66667,
13-0488,NF001582,Chagulak,0.999983103,-2.181312457,1,1,7,breeding,56.96667,-171.91667,
13-0489,NF001583,Pribilof,0.999865179,0.53239837,1,1,6,breeding,52.155,-179.66667,
13-0492,NF001181,StMatthew,0.99881993,0.776325748,1,1,8,breeding,56.64,-168.79333,4785
13-0493,NF001182,Chagulak,0.999632523,0.730287399,1,1,7,breeding,58.66833,-174.64667,4786
13-0494,NF001183,Semidi,0.994157338,0.570283954,1,1,7,breeding,56.64,-168.79333,4787
13-0495,NF001184,StMatthew,0.999999285,-1.018667696,1,1,7,breeding,58.78,-173.90833,4788
13-0496,NF001185,StMatthew,0.998811977,0.500572018,1,1,7,breeding,58.61333,-173.79167,4789
13-0497,NF001186,StMatthew,0.996820936,0.011114649,1,1,7,breeding,58.61333,-173.79167,4790
13-0498,NF001187,Pribilof,0.999995726,0.819649914,1,1,7,breeding,58.78,-173.90833,4791
13-0500,NF001189,Semidi,0.998365758,-0.582139566,1,1,7,breeding,58.78,-173.90833,4793
13-0501,NF001190,Pribilof,0.99992527,-0.54735527,1,1,7,breeding,58.78,-173.90833,4794
13-0502,NF001191,Semidi,0.999782172,1.824138469,1,1,7,breeding,56.64,-168.79333,4795
13-0503,NF001192,Pribilof,0.999611525,-1.062120536,1,1,7,breeding,56.64,-168.79333,4796
13-0504,NF001193,Chagulak,0.999426622,0.817576213,1,1,7,breeding,58.51167,-173.985,4797
13-0505,NF001194,Semidi,0.999520911,-0.426873435,1,1,7,breeding,58.31667,-173.68333,4798
13-0507,NF001196,Chagulak,0.998190852,1.900316416,1,1,8,breeding,57.95,-172.71667,
13-0508,NF001197,StMatthew,0.999986743,0.327554133,1,1,8,breeding,58.26389,-174.14139,
13-0509,NF001198,Semidi,0.999889508,-0.230954555,1,1,7,breeding,57.03333,-171.46667,
13-0510,NF001199,Semidi,0.999729144,-1.518622442,1,1,7,breeding,59.61667,-177.18333,4803
13-0511,NF001200,StMatthew,0.999628226,0.708812609,1,1,7,breeding,59.73167,-176.56833,
13-0512,NF001201,StMatthew,0.995696331,-0.484526057,1,1,5,breeding,60.07444,-178.59,
13-0513,NF001202,Pribilof,0.999797415,1.164401518,1,1,5,breeding,60.07444,-178.59,
13-0514,NF001203,Semidi,0.997105928,2.421066296,1,1,5,breeding,60.07444,-178.59,
13-0515,NF001204,StMatthew,0.998417442,-0.431855507,1,1,5,breeding,51.88222,-173.46028,
14-0168,NF001205,Semidi,0.989189042,1.68146008,1,1,10,nonbreeding,52.5,-172.61667,
14-0171,NF001208,Pribilof,0.998492155,1.877106551,1,1,9,breeding,55.615,-164.07,4919
14-0174,NF001211,Chagulak,0.999729089,-0.421932391,1,1,10,nonbreeding,56.84,-165.76167,4922
14-0176,NF001213,Semidi,0.999925448,0.813669508,1,1,10,nonbreeding,56.43667,-170.56667,4924
14-0178,NF001214,Semidi,0.999719232,-1.609870091,1,1,9,breeding,57.41,-161.03306,4926
14-0179,NF001215,Semidi,0.999713817,1.291980086,1,1,10,nonbreeding,57.10167,-167.185,4927
14-0181,NF001217,StMatthew,0.986621877,0.617207563,1,1,10,nonbreeding,57.10167,-167.185,4929
14-0182,NF001218,Semidi,0.999930678,0.358206586,1,1,10,nonbreeding,56.905,-167.18333,4930
14-0183,NF001219,Semidi,0.99653772,0.3017442,1,1,10,nonbreeding,57.10167,-167.185,4931
14-0184,NF001220,Semidi,0.998428939,-0.598133363,1,1,10,nonbreeding,57.185,-167.26667,4932
14-0185,NF001221,StMatthew,0.997945137,-1.825664516,1,1,8,breeding,57.85833,-173.62167,
14-0186,NF001222,Semidi,0.998916712,1.21428634,1,1,9,breeding,57.18833,-172.98667,
14-0187,NF001223,Pribilof,0.998409328,0.788333527,1,1,10,nonbreeding,57.23167,-164.67667,4935
14-0189,NF001225,Semidi,0.999528042,-0.409034957,1,1,10,nonbreeding,55.64833,-167.19667,
14-0190,NF001226,Pribilof,0.919722419,-1.329376661,1,1,10,nonbreeding,55.64833,-167.19667,
14-0191,NF001227,Semidi,0.999947709,-0.420172537,1,1,10,nonbreeding,55.64833,-167.19667,
14-0193,NF001229,Pribilof,0.999443966,-0.439989059,1,1,10,nonbreeding,56.84167,-166.45,4941
14-0194,NF001230,Chagulak,0.99999168,0.260700903,1,1,10,nonbreeding,57.98333,-167.25,4942
14-0195,NF001231,Chagulak,0.997412347,1.132195555,1,1,9,breeding,56.94833,-163.95167,4943
14-0196,NF001232,Chagulak,0.979433085,0.340173856,1,1,12,nonbreeding,56.74667,-152.34944,4944
14-0198,NF001234,Pribilof,0.993024057,1.318000982,1,1,7,breeding,57.76,-171.845,
14-0200,NF001236,Chagulak,0.997951013,1.31675465,1,1,7,breeding,55.355,-164.44333,
14-0201,NF001237,Semidi,0.999446312,1.22090041,1,1,7,breeding,58.98,-175.615,4949
14-0202,NF001238,Semidi,0.999924709,1.166989057,1,1,7,breeding,58.84167,-174.85167,4950
14-0204,NF001240,Semidi,0.998381752,-0.555675169,1,1,7,breeding,58.575,-173.89833,
14-0205,NF001241,StMatthew,0.991290349,-1.561339909,1,1,8,breeding,56.52472,-170.15139,
14-0206,NF001242,Pribilof,0.999922383,1.579120738,1,1,8,breeding,56.52472,-170.15139,
14-0208,NF001244,Semidi,0.999692271,0.919223876,1,1,8,breeding,56.52472,-170.15139,
14-0210,NF001246,StMatthew,0.9997534,0.422757164,1,1,8,breeding,56.52472,-170.15139,4958
14-0211,NF001247,Chagulak,0.976089599,0.397220874,1,1,7,breeding,58.81333,-174.05,4959
14-0212,NF001248,Semidi,0.999797669,1.63180361,1,1,7,breeding,58.81333,-174.05,
14-0213,NF001249,Pribilof,0.988532642,-0.128652998,1,1,8,breeding,58.83333,-174.19667,
14-0215,NF001251,StMatthew,0.997777746,-1.890065717,1,1,8,breeding,58.42,-174.40833,
14-0216,NF001252,StMatthew,0.999918162,0.760710316,1,1,9,breeding,58.87333,-176.23333,
14-0217,NF001253,Semidi,0.999459773,-0.459422205,1,1,7,breeding,59.54,-174.98,
14-0218,NF001254,Semidi,0.999950585,0.13492267,1,1,8,breeding,58.51167,-174.43,4966
14-0221,NF001256,Semidi,0.998652736,1.154730623,1,1,6,breeding,56.81667,-171.38333,4969
14-0222,NF001257,Chagulak,0.997913,1.43399531,1,1,7,breeding,56.81667,-171.38333,
14-0224,NF001259,Semidi,0.995987178,0.81332683,1,1,7,breeding,58.76833,-173.95833,4972
14-0227,NF001262,Chagulak,0.996731873,0.583840109,1,1,6,breeding,57.53,-173.17833,4975
14-0229,NF001264,Pribilof,0.999861007,0.732702152,1,1,8,breeding,58.47167,-172.52167,
14-0230,NF001265,Semidi,0.99817254,0.592328173,1,1,4,nonbreeding,58.10833,-148.78333,
14-0231,NF001266,StMatthew,0.998606777,0.286348324,1,1,7,breeding,57.95833,-173.01167,4979
14-0235,NF001270,StMatthew,0.997763949,1.031580174,1,1,7,breeding,57.915,-173.1,
14-0237,NF001272,Pribilof,0.99995892,0.003598851,1,1,5,breeding,57.035,-173.135,
14-0238,NF001273,Pribilof,0.994226449,1.104146031,1,1,5,breeding,57.035,-173.135,
14-0244,NF001274,Pribilof,0.98391467,0.421155113,1,1,6,breeding,59.15,-175.08333,
14-0245,NF001275,Pribilof,0.999995189,1.388144325,1,1,6,breeding,59.13333,-174.67167,
14-0246,NF001276,Semidi,0.999946312,0.261006304,1,1,6,breeding,59.25333,-175.09,
14-0248,NF001278,Chagulak,0.99550769,1.670626616,1,1,7,breeding,59.03833,-173.66167,4996
14-0250,NF001280,Semidi,0.998962415,0.29096715,1,1,6,breeding,59.30667,-174.66333,
14-0252,NF001282,Pribilof,0.997783689,0.87527893,1,1,8,breeding,56.325,-171.01778,
14-0253,NF001283,Semidi,0.999820254,1.332971047,1,1,6,breeding,56.83833,-171.83167,
14-0255,NF001285,StMatthew,0.994552104,-0.73102447,1,1,7,breeding,58.91667,-173.96167,
14-0256,NF001286,Chagulak,0.999992637,-0.090532409,1,1,7,breeding,58.90667,-174.145,
14-0257,NF001287,StMatthew,0.999284785,-0.550002099,1,1,4,nonbreeding,56.785,-172.335,
14-0476,NF001288,Pribilof,0.995488157,0.326048075,1,1,7,breeding,58.605,-177.375,5048
14-0479,NF001291,StMatthew,0.999446691,-0.301797969,1,1,7,breeding,58.605,-177.36833,5051
14-0480,NF001292,StMatthew,0.998518026,0.260242879,1,1,6,breeding,58.69,-172.93333,5052
14-0484,NF001296,StMatthew,0.999919796,-0.54046618,1,1,4,nonbreeding,57.3,-173.61833,5056
14-0485,NF001297,Semidi,0.98601408,1.318111726,1,1,3,nonbreeding,56.11167,-170.535,
14-0492,NF001301,Semidi,0.960510211,1.249391755,1,1,3,nonbreeding,56.795,-170.89833,
14-0494,NF001303,StMatthew,0.982229637,0.955695534,1,1,2,nonbreeding,55.78333,-164.35,
14-0495,NF001304,Semidi,0.999979243,1.252646208,1,1,2,nonbreeding,55.66667,-164,
14-0496,NF001305,Chagulak,0.999933922,-0.421509219,1,1,3,nonbreeding,51.98833,-171.84556,5065
14-0497,NF001306,Pribilof,0.999319148,-0.293151229,1,1,3,nonbreeding,51.98833,-171.84556,5066
14-0500,NF001308,StMatthew,0.997011087,0.550918055,1,1,1,nonbreeding,56.28167,-165.895,5069
14-0502,NF001310,Semidi,0.999346675,-0.902500058,1,0,2,nonbreeding,,,
14-0504,NF001312,Chagulak,0.999984633,1.441562685,1,1,2,nonbreeding,55.67667,-163.73667,
14-0505,NF001313,Chagulak,0.955835709,-0.729005002,1,1,11,nonbreeding,56.22167,-170.4,
14-0506,NF001314,Semidi,0.996979926,1.444242307,1,1,11,nonbreeding,56.22,-170.37167,
14-0509,NF001316,StMatthew,0.99667167,0.597047753,1,1,11,nonbreeding,56.29167,-171.35,
14-0510,NF001317,Chagulak,0.975195912,0.219976006,1,1,11,nonbreeding,56.26667,-171.19,5079
14-0512,NF001318,Chagulak,0.999846844,-0.471923978,1,1,11,nonbreeding,56.25833,-170.655,
14-0515,NF001320,StMatthew,0.999627792,-0.405201249,1,1,11,nonbreeding,56.25833,-170.655,
14-0517,NF001321,Semidi,0.990316046,-2.447251223,1,1,11,nonbreeding,59.15,-177.65833,5086
14-0519,NF001323,Pribilof,0.988097159,0.364874671,1,1,11,nonbreeding,56.81,-166.54833,5088
14-0520,NF001324,Pribilof,0.998212845,0.908135895,1,1,11,nonbreeding,56.81,-166.54833,5089
14-0522,NF001326,Semidi,0.99337909,1.363546982,1,1,9,breeding,57.03333,-163.62167,
14-0523,NF001327,Semidi,0.999511234,0.038495922,1,1,4,nonbreeding,56.40167,-170.76667,
14-0524,NF001328,Pribilof,0.992768237,-1.091196133,1,1,5,breeding,51.8,175.46667,
14-0526,NF001329,Semidi,0.99652952,1.729648177,1,1,4,nonbreeding,56.40167,-170.76667,
14-0527,NF001330,Pribilof,0.997667918,0.073564184,1,1,4,nonbreeding,57.3,-173.61833,5096
14-0528,NF001331,Pribilof,0.999672638,-1.725181692,1,1,1,nonbreeding,56.48667,-168.67333,5097
14-0529,NF001332,StMatthew,0.999444134,-0.29938933,1,1,3,nonbreeding,56.25,-169.6,
14-0530,NF001333,Semidi,0.999613589,0.648393089,1,1,9,breeding,56.90667,-170.91833,
14-0531,NF001334,StMatthew,0.99946854,-0.919961571,1,1,8,breeding,56.78667,-170.685,
14-0534,NF001337,StMatthew,0.999849377,0.605685975,1,1,10,nonbreeding,56.95667,-165.24333,
14-0535,NF001338,StMatthew,0.995559244,1.927769481,1,1,10,nonbreeding,56.09,-166.05333,
14-0536,NF001339,StMatthew,0.99875617,-0.497736158,1,1,12,nonbreeding,57.87167,-171.2,
14-0537,NF001340,StMatthew,0.999902855,0.090188469,1,1,11,nonbreeding,56.53833,-170.32333,
14-0538,NF000855,StMatthew,0.999645924,0.202179815,1,1,9,breeding,56.515,-166.44167,
14-0540,NF000857,StMatthew,0.995864203,-0.848939471,1,1,11,nonbreeding,56.53833,-170.32333,5109
14-0541,NF000858,Pribilof,0.999976251,0.228590324,1,1,3,nonbreeding,56.17333,-165.97333,
14-0542,NF000859,StMatthew,0.992615679,-0.00169684,1,1,1,nonbreeding,56.455,-171.33167,5111
14-0543,NF000860,Semidi,0.998866705,1.320134626,1,1,10,nonbreeding,59.19667,-147.095,
14-0544,NF000861,Chagulak,0.999546166,-0.354012048,1,1,10,nonbreeding,57.25667,-163.935,
14-0545,NF000862,Pribilof,0.999002814,2.453490266,1,1,10,nonbreeding,57.63833,-165.33167,
14-0688,NF000863,Chagulak,0.924919264,1.420615443,1,1,2,nonbreeding,56.28833,-169.45833,
14-0689,NF000864,Semidi,0.997315237,1.170198225,1,1,4,nonbreeding,56.575,-172.62667,
14-0690,NF000865,Pribilof,0.998229274,1.175879724,1,1,4,nonbreeding,56.575,-172.62667,
14-0692,NF000867,Semidi,0.961323005,1.713460994,1,1,6,breeding,58.10167,-172.11333,
14-0693,NF000868,Pribilof,0.998749391,-0.309479644,1,1,1,nonbreeding,55.47167,-164.41,
14-0694,NF000869,Semidi,0.988373912,1.734019925,0,0,,,,,5125
14-0696,NF000871,Pribilof,0.997822297,1.449260898,1,1,7,breeding,58.96972,-172.95528,
14-0699,NF000874,StMatthew,0.999985702,-0.427232802,1,1,6,breeding,60.09278,-174.85278,5130
14-0700,NF000875,Pribilof,0.998836896,1.419607541,1,1,6,breeding,60.09278,-174.85278,5131
14-0701,NF000876,Pribilof,0.992600763,2.258219332,1,1,6,breeding,60.09278,-174.85278,5132
14-0702,NF000877,StMatthew,0.999836861,-0.312194696,1,1,6,breeding,59.83528,-173.03611,
14-0703,NF000878,StMatthew,0.999892012,-1.849424508,1,1,6,breeding,59.02833,-173.025,
14-0707,NF000882,StMatthew,0.999667601,2.427408906,1,1,6,breeding,58.44167,-172.60833,
14-0708,NF000883,Semidi,0.994020396,-0.495199059,1,1,7,breeding,57.60333,-173.40833,
14-0709,NF000884,Semidi,0.999050239,1.525756405,1,1,12,nonbreeding,56.69444,-165.55972,
14-0710,NF000885,Pribilof,0.999981913,0.158089636,1,1,12,nonbreeding,57.16694,-171.15028,
14-0711,NF000886,StMatthew,0.999830776,-1.032798007,1,1,12,nonbreeding,57.16694,-171.15028,
14-0712,NF000887,Semidi,0.95288043,1.907914875,1,1,12,nonbreeding,57.16694,-171.15028,
14-0714,NF000889,Pribilof,0.999797527,-2.337488158,1,1,12,nonbreeding,55.705,-163.97333,5145
14-0716,NF000891,Semidi,0.999847001,-1.095146398,1,1,2,nonbreeding,55.96833,-165.92667,
14-0717,NF000892,Chagulak,0.918743266,0.651667475,1,1,2,nonbreeding,56.03333,-165.96667,
14-0718,NF000893,Chagulak,0.997238438,1.254735766,1,1,2,nonbreeding,55.98333,-165.93333,
14-0719,NF000894,Semidi,0.99995351,-1.411437055,1,1,2,nonbreeding,55.98333,-165.7,
14-0720,NF000895,Semidi,0.999941521,0.534504722,1,1,10,nonbreeding,57.17167,-167.055,
14-0722,NF000897,StMatthew,0.999141779,-0.418736617,1,1,10,nonbreeding,56.73667,-166.89333,
14-0723,NF000898,Semidi,0.999332289,0.325262924,1,1,10,nonbreeding,57.17167,-167.055,
14-0724,NF000899,Semidi,0.99955834,0.859254797,1,1,11,nonbreeding,56.275,-166.45333,
14-0725,NF000900,Pribilof,0.999630057,1.538219498,1,1,11,nonbreeding,56.275,-166.45333,
14-0726,NF000901,Semidi,0.997107947,0.791512734,1,1,11,nonbreeding,56.275,-166.45333,
14-0729,NF000904,StMatthew,0.99989329,0.96370165,1,1,10,nonbreeding,56.03167,-165.12,
14-0731,NF000906,Pribilof,0.999923887,1.232382794,1,1,3,nonbreeding,55.05667,-164.35167,
14-0732,NF000907,StMatthew,0.999898284,0.799035414,1,1,2,nonbreeding,55.18833,-164.55333,
14-0733,NF000908,Chagulak,0.998741663,0.821486882,1,1,2,nonbreeding,55.18833,-164.55333,
15-0138,NF000909,Pribilof,0.994978145,1.438438537,1,1,2,nonbreeding,56.08333,-169.92,
15-0139,NF000910,Semidi,0.914237166,1.042008846,1,1,2,nonbreeding,56.17,-170.12667,
15-0140,NF000911,Semidi,0.973934645,1.220281238,1,1,2,nonbreeding,56.08333,-169.92,5216
15-0141,NF000912,Chagulak,0.997371696,-0.469210928,1,1,2,nonbreeding,56.17,-170.12667,
15-0146,NF000916,Pribilof,0.99366653,1.940756427,1,1,3,nonbreeding,56.13667,-170.08333,
15-0148,NF000918,StMatthew,0.999098141,0.479510644,1,1,2,nonbreeding,56.19833,-170.77667,
15-0150,NF000919,Pribilof,0.987815931,1.274147397,1,1,2,nonbreeding,56.17,-170.12667,
15-0151,NF000920,StMatthew,0.999892731,-0.08350963,1,1,9,breeding,58.17667,-173.79333,5227
15-0156,NF000922,Pribilof,0.998938205,-0.539534146,1,1,11,nonbreeding,56.59972,-170.70833,
15-0157,NF000923,Pribilof,0.995836051,-0.357530653,1,1,2,nonbreeding,55.9675,-163.11861,
15-0158,NF000924,Semidi,0.9974615,1.579795369,1,1,2,nonbreeding,56.16667,-165.73333,
15-0159,NF000925,Semidi,0.968286399,1.759551675,1,1,12,nonbreeding,58.43333,-171.775,5232
15-0160,NF000926,Pribilof,0.998299537,0.385645775,1,1,12,nonbreeding,58.43333,-171.775,5233
15-0161,NF000927,Semidi,0.999531969,-0.477509531,1,1,2,nonbreeding,54.89667,-165.65333,
15-0162,NF000928,Semidi,0.984239897,0.511478923,1,1,2,nonbreeding,55.07833,-164.75167,
15-0163,NF000929,Pribilof,0.995621907,0.399724557,1,1,2,nonbreeding,56.265,-165.37167,5236
15-0164,NF000930,StMatthew,0.995776635,1.675537988,1,1,12,nonbreeding,58.26667,-171.42333,5237
15-0166,NF000932,Pribilof,0.906287122,2.268821957,1,1,12,nonbreeding,58.455,-171.81833,5239
15-0170,NF000934,StMatthew,0.995670908,0.322577042,1,1,6,breeding,58.56667,-176.23,
15-0176,NF001100,StMatthew,0.985165199,2.155677547,0,0,,,,,5249
15-0177,NF001101,Semidi,0.998724213,1.275076219,1,1,10,nonbreeding,59.68167,-176.57333,
15-0262,NF001102,Pribilof,0.999997418,0.72013814,1,1,2,nonbreeding,57.15,-171.275,
15-0263,NF001103,Semidi,0.999996763,0.336239619,1,1,11,nonbreeding,46.445,-124.655,
15-0264,NF001104,Chagulak,0.98264585,0.933118817,1,1,11,nonbreeding,43.27167,-124.89333,
15-0265,NF001105,Semidi,0.99945916,1.142052401,1,1,11,nonbreeding,43.435,-124.715,
15-0266,NF001106,Semidi,0.999992606,1.028097339,1,1,11,nonbreeding,42.54333,-124.79667,
15-0267,NF001107,Semidi,0.998686366,0.363888475,1,1,11,nonbreeding,42.24667,-124.68167,
15-0269,NF001109,Semidi,0.997421262,0.869110572,1,1,11,nonbreeding,43.38333,-124.7,
15-0270,NF001110,Semidi,0.999873089,-0.244409503,1,1,11,nonbreeding,46.29,-124.72833,
15-0272,NF001112,StMatthew,0.993617761,0.091837269,1,1,11,nonbreeding,46.29,-124.72833,
15-0273,NF001113,Pribilof,0.999999072,-0.838514855,1,1,11,nonbreeding,46.29,-124.72833,
15-0274,NF001114,Chagulak,0.999642309,1.422404597,1,1,2,nonbreeding,56.17,-170.12667,
15-0277,NF001116,StMatthew,0.99886443,0.209927953,1,1,9,breeding,58.69167,-177.46833,
15-0278,NF001117,StMatthew,0.963300507,1.419982252,1,1,8,breeding,56.69167,-169.34167,5307
15-0280,NF001119,Pribilof,0.996714776,0.15334955,1,1,9,breeding,58.69167,-177.46833,
15-0283,NF001122,Semidi,0.999922878,0.45452431,1,1,2,nonbreeding,55.10667,-164.755,
15-0284,NF001123,Pribilof,0.998207885,0.903303978,1,1,2,nonbreeding,56.34167,-163.3,5313
15-0287,NF001126,Semidi,0.999733851,0.806741632,0,0,,,,,5316
15-0337,NF001128,Pribilof,0.999935958,-1.127505162,1,1,4,nonbreeding,56.92333,-166.50833,5345
15-0339,NF001130,StMatthew,0.999992301,-1.00457625,1,1,2,nonbreeding,55.06,-164.35167,
15-0340,NF001131,Pribilof,0.998414554,-1.052691338,1,1,4,nonbreeding,56.49333,-168.925,5347
15-0341,NF001132,StMatthew,0.955990922,0.597649555,1,1,4,nonbreeding,58.91167,-177.80333,
15-0342,NF001133,Pribilof,0.999967762,0.459024017,1,1,5,breeding,57.53833,-172.42833,5349
15-0345,NF001136,Semidi,0.996197983,-0.158749092,1,1,11,nonbreeding,46.29333,-124.685,
15-0347,NF001138,Semidi,0.999997927,0.184391464,1,1,11,nonbreeding,46.29333,-124.685,
15-0348,NF001139,Semidi,0.990640853,1.622985928,1,1,11,nonbreeding,46.29333,-124.685,
15-0349,NF001140,Semidi,0.999756326,0.137912462,1,1,11,nonbreeding,46.29333,-124.685,
15-0350,NF001141,Chagulak,0.974816085,1.123416226,1,1,11,nonbreeding,46.29333,-124.685,
15-0353,NF001143,StMatthew,0.990089458,0.460386959,1,1,2,nonbreeding,56.58167,-166.03,5360
15-0354,NF001144,Pribilof,0.999849664,0.176193372,1,1,2,nonbreeding,56.13833,-170.545,
15-0355,NF001145,Semidi,0.999479338,0.096393194,1,1,5,breeding,57.00833,-167.82833,5363
15-0356,NF001146,Pribilof,0.998620796,1.034291928,1,1,5,breeding,57.11167,-167.855,
15-0357,NF001147,StMatthew,0.999564666,-0.251863386,1,1,5,breeding,57.11167,-167.855,
15-0358,NF001148,Semidi,0.999914374,0.505162801,1,1,5,breeding,57.115,-167.94833,
15-0359,NF001149,StMatthew,0.945440427,-1.627461175,1,1,5,breeding,57.115,-167.94833,5367
15-0361,NF001151,StMatthew,0.990231002,-0.992093003,1,1,5,breeding,57.115,-167.94833,
15-0362,NF001152,Pribilof,0.997829627,1.017887098,1,1,5,breeding,57.115,-167.94833,
15-0364,NF001153,Chagulak,0.999283087,0.411907022,1,1,4,nonbreeding,55.83833,-168.77167,5372
15-0365,NF001154,StMatthew,0.99978911,-0.372244533,1,1,5,breeding,57.41833,-171.43333,
15-0366,NF001155,Pribilof,0.999976925,1.062767808,1,1,5,breeding,57.41833,-171.43333,
15-0367,NF001156,Semidi,0.999179056,0.423772938,1,1,4,nonbreeding,58.88,-177.78333,
15-0368,NF001157,StMatthew,0.997577206,2.310559572,1,1,5,breeding,58.08,-172.41333,5376
15-0369,NF001158,StMatthew,0.995067952,-0.08768815,1,1,4,nonbreeding,56.43333,-169.68167,5377
15-0374,NF001162,Chagulak,0.995352801,-0.170952695,1,1,11,nonbreeding,54.875,-165.37,
15-0375,NF001163,StMatthew,0.991887178,-0.093256287,1,1,12,nonbreeding,58.12,-172.01167,
15-0376,NF001164,Semidi,0.999455323,0.315655823,1,1,2,nonbreeding,57.41,-173.605,
15-0377,NF001165,StMatthew,0.999725165,0.246105799,1,1,1,nonbreeding,55.94,-162.87333,5384
15-0378,NF001166,Pribilof,0.994626903,-0.189222811,1,1,2,nonbreeding,56.15833,-170.7,
15-0380,NF001167,Chagulak,0.99865995,1.369966201,1,1,1,nonbreeding,55.085,-160.355,5387
15-0381,NF001168,Pribilof,0.998359205,-0.17674781,1,1,1,nonbreeding,56.25667,-161.84333,
15-0382,NF001169,Semidi,0.999077993,-0.294794815,1,1,1,nonbreeding,58.06,-174.075,5389
15-0385,NF001170,StMatthew,0.998767097,-0.251557596,1,1,5,breeding,58.08,-172.41333,5392
15-0386,NF001171,Pribilof,0.998661338,0.755441561,1,1,4,nonbreeding,56.78333,-169.91,5393
15-0391,NF001173,Semidi,0.999193097,1.114118948,1,1,7,breeding,58.56167,-173.675,
15-0392,NF001174,Semidi,0.999995709,0.362297456,1,1,7,breeding,56.22333,-165.19,
15-0393,NF001175,Pribilof,0.999817378,0.842082991,1,1,2,nonbreeding,55.51,-163.57333,5400
15-0395,NF001177,StMatthew,0.999389434,0.316699796,1,1,4,nonbreeding,57.31833,-171.945,5402
15-0396,NF001178,Pribilof,0.998577291,1.411990129,1,1,4,nonbreeding,56.75167,-169.65,5403
15-0397,NF001017,Pribilof,0.999562031,0.609062757,1,1,4,nonbreeding,55.03833,-164.435,5404
15-0410,NF001019,Pribilof,0.993762615,1.179515337,1,1,4,nonbreeding,57.31833,-171.945,5406
15-0420,NF001021,Chagulak,0.999280163,1.011926723,1,1,2,nonbreeding,56.02,-169.94167,
15-0422,NF001023,Pribilof,0.999042728,1.976989193,1,1,2,nonbreeding,56.17,-170.12667,
15-0423,NF001024,Pribilof,0.994329605,0.382667665,1,1,8,breeding,57.25667,-172.70167,
15-0424,NF001025,Pribilof,0.998057357,2.478220334,1,1,11,nonbreeding,59.635,-173.09167,5415
15-0427,NF001028,Chagulak,0.999199948,1.190496304,1,1,7,breeding,56.54667,-171.51667,
15-0428,NF001029,Semidi,0.999935861,1.301308783,1,1,8,breeding,56.485,-164.57833,
15-0429,NF001030,StMatthew,0.998752582,-0.050834512,1,1,8,breeding,59.04833,-176.20667,
15-0430,NF001031,Chagulak,0.99904316,0.556782632,1,1,7,breeding,57.78333,-150.03333,
15-0432,NF001033,Semidi,0.996813881,1.225107026,1,1,11,nonbreeding,51.91667,-171.95,
15-0433,NF001034,Pribilof,0.996462655,0.901416794,1,1,11,nonbreeding,55.60833,-168.605,5424
15-0454,NF001035,Semidi,0.999988053,0.09543358,1,1,10,nonbreeding,55.885,-166.32833,
15-0456,NF001037,Pribilof,0.996681698,0.776724878,1,1,7,breeding,56.34,-169.49167,5447
16-0034,NF001041,Pribilof,0.998501601,0.543673664,1,1,11,nonbreeding,54.98833,-164.90167,
16-0036,NF001042,Semidi,0.999918539,0.788439988,1,1,11,nonbreeding,55.00667,-164.88667,
16-0038,NF001044,Pribilof,0.994705348,0.209095725,1,1,11,nonbreeding,55.10833,-164.65167,
16-0039,NF001045,StMatthew,0.998995326,-0.186727172,1,1,11,nonbreeding,55.00667,-164.88667,
16-0040,NF001046,Semidi,0.999994698,1.283584365,1,1,11,nonbreeding,54.98833,-164.90167,
16-0042,NF001048,Semidi,0.999657629,1.309269492,1,1,11,nonbreeding,55.10833,-164.65167,
16-0043,NF001049,Pribilof,0.993892524,0.85023032,1,1,11,nonbreeding,55.10833,-164.65167,
16-0044,NF001050,Semidi,0.999915556,1.138058175,1,1,11,nonbreeding,55.10833,-164.65167,
16-0045,NF001051,StMatthew,0.999904547,-1.728042262,1,1,11,nonbreeding,55.10833,-164.65167,
16-0047,NF001053,StMatthew,0.987565912,-0.735227592,1,1,8,breeding,56.275,-169.05167,
16-0048,NF001054,StMatthew,0.995281118,0.22621136,1,1,8,breeding,59.16167,-175.00667,
16-0050,NF001055,StMatthew,0.969115086,1.094239256,1,1,7,breeding,56.41,-165.76167,5516
16-0053,NF001058,StMatthew,0.999650335,1.3088418,1,1,6,breeding,57.895,-172.015,5519
16-0055,NF001060,Semidi,0.997694847,-1.976661369,1,1,7,breeding,58.20833,-172.45833,
16-0056,NF001061,Pribilof,0.999993688,0.064024244,1,1,7,breeding,56.33333,-169.56,
16-0057,NF001062,Chagulak,0.999272415,-0.951033783,1,1,11,nonbreeding,56.89833,-164.925,
16-0059,NF001064,Chagulak,0.999545714,0.779265192,1,1,8,breeding,59.02333,-176.1,
16-0060,NF001065,Semidi,0.998812397,0.042011729,1,1,8,breeding,51.91667,-172.61667,
16-0061,NF001066,Pribilof,0.984305265,2.036493951,1,1,10,nonbreeding,59.54,-172.64,
16-0062,NF001067,Pribilof,0.999983562,0.4248478,1,1,7,breeding,58.44333,-173.44,5528
16-0063,NF001068,Semidi,0.988556424,1.97340045,1,1,11,nonbreeding,55.45,-167.82,5529
16-0064,NF001069,Chagulak,0.985237659,2.068741175,1,1,11,nonbreeding,55.60833,-168.605,5530
16-0065,NF001070,Chagulak,0.99969809,0.962060033,1,1,11,nonbreeding,55.60833,-168.605,5531
16-0156,NF001072,Semidi,0.999883153,-1.052860908,1,1,8,breeding,56.22,-169.90667,5533
16-0157,NF001073,Pribilof,0.999108281,1.823637975,1,1,8,breeding,56.53667,-171.54167,
16-0159,NF001074,StMatthew,0.997190754,-0.451000919,1,1,12,nonbreeding,58.51,-172.825,5536
16-0162,NF001076,StMatthew,0.998710565,0.679259321,1,1,11,nonbreeding,58.85167,-173.685,5539
16-0163,NF001077,StMatthew,0.999692964,1.558542171,1,1,11,nonbreeding,57.31833,-171.22,5540
16-0164,NF001078,Chagulak,0.999901315,-0.195157258,1,1,11,nonbreeding,59.71833,-173.08667,
16-0168,NF001080,Semidi,0.998478827,0.292018958,1,1,10,nonbreeding,55.00333,-165.47,
16-0170,NF001082,StMatthew,0.985146303,0.363761471,1,1,10,nonbreeding,56.64667,-167.20333,5545
16-0173,NF001085,Semidi,0.999784509,1.371132576,1,1,11,nonbreeding,56.52,-171.695,5548
16-0179,NF001088,Semidi,0.99770253,-1.117495821,1,1,6,breeding,51.265,179.26333,5554
16-0180,NF001089,Chagulak,0.995649815,0.779859868,1,1,2,nonbreeding,52.25167,-173.665,5555
16-0182,NF001091,Semidi,0.999987628,0.771261726,1,1,10,nonbreeding,54.825,-165.34,
16-0186,NF001092,Pribilof,0.99813642,0.88223541,1,1,10,nonbreeding,58.87,-175.145,5561
16-0187,NF001093,Chagulak,0.994274309,0.441822297,1,1,10,nonbreeding,55.01833,-165.25333,
16-0191,NF001094,Pribilof,0.99826766,0.394750398,1,1,10,nonbreeding,55.66667,-166.05333,
16-0192,NF001095,Semidi,0.999364283,-0.259872432,1,1,10,nonbreeding,55.66667,-166.05333,
16-0193,NF001096,Pribilof,0.999304239,-0.694126398,1,1,8,breeding,58.905,-175.14667,5568
16-0195,NF000936,StMatthew,0.998836751,-0.976230767,1,1,10,nonbreeding,54.74333,-165.49667,
16-0225,NF000937,Semidi,0.998424949,0.765736252,1,1,8,breeding,52.86694,-170.51778,
16-0227,NF000939,Pribilof,0.979624781,1.98033936,1,1,8,breeding,60.07333,-173.67667,
16-0230,NF000941,Pribilof,0.999122328,0.483253112,1,1,3,nonbreeding,56.3,-169.46667,
16-0231,NF000942,Pribilof,0.999792116,-0.924712158,1,1,2,nonbreeding,57.3,-173.82167,5590
16-0232,NF000943,Semidi,0.999792338,0.323377077,1,1,3,nonbreeding,56.41889,-171.08917,5591
16-0233,NF000944,StMatthew,0.999409002,0.79924221,1,1,3,nonbreeding,56.18167,-169.83333,5592
16-0236,NF000947,StMatthew,0.990220501,-0.005482271,1,1,2,nonbreeding,59.02333,-178.03333,5595
16-0237,NF000612,Pribilof,0.985442537,1.249554615,1,1,3,nonbreeding,56.44167,-171.06667,5596
16-0238,NF000613,StMatthew,0.986413544,0.350019407,1,1,7,breeding,51.28,179.16333,
16-0241,NF000616,StMatthew,0.98665167,0.434934584,1,1,7,breeding,51.28,179.16333,
16-0242,NF000617,Semidi,0.998119252,1.532114687,1,1,7,breeding,51.28,179.16333,
16-0243,NF000618,Chagulak,0.99997757,-1.321390133,1,1,7,breeding,51.28,179.16333,
16-0244,NF000619,Pribilof,0.997644641,2.079471563,1,1,7,breeding,51.28,179.16333,
16-0245,NF000620,Semidi,0.951176452,1.533391968,1,1,7,breeding,51.28,179.16333,
16-0247,NF000622,Semidi,0.986567556,2.484346764,1,1,7,breeding,51.28,179.16333,
16-0249,NF000624,Chagulak,0.998506452,-0.63620928,1,1,7,breeding,51.28,179.16333,
16-0250,NF000625,Chagulak,0.999826822,0.320385028,1,1,7,breeding,51.28,179.16333,
16-0251,NF000626,Chagulak,0.999947176,0.231761684,1,1,7,breeding,51.28,179.16333,
16-0252,NF000627,Semidi,0.999762226,0.634327538,1,1,6,breeding,51.265,179.26333,5611
16-0257,NF000632,StMatthew,0.989601262,1.300167095,1,1,11,nonbreeding,56.60333,-170.62167,5616
16-0258,NF000633,Chagulak,0.999814404,-1.258376594,1,1,11,nonbreeding,57.375,-170.94167,
16-0260,NF000635,StMatthew,0.99893031,0.791013138,1,1,11,nonbreeding,59.25167,-172.82,5619
16-0262,NF000637,Semidi,0.994755717,0.207584948,1,1,12,nonbreeding,56.535,-171.79167,
16-0263,NF000638,StMatthew,0.999149494,0.660783086,1,1,12,nonbreeding,56.535,-171.79167,
16-0265,NF000640,Semidi,0.996698737,0.435351227,1,1,12,nonbreeding,56.535,-171.79167,
16-0270,NF000644,Pribilof,0.986273373,1.837439238,1,1,6,breeding,57.885,-170.915,5629
16-0271,NF000645,Chagulak,0.980429826,0.006453521,1,1,7,breeding,51.29333,179.34333,
16-0272,NF000646,Semidi,0.994344671,1.419382385,1,1,7,breeding,51.29333,179.34333,
16-0273,NF000647,Chagulak,0.998754912,1.779034788,1,1,7,breeding,51.29333,179.34333,
16-0274,NF000648,Chagulak,0.998977664,0.788809874,1,1,7,breeding,51.29333,179.34333,
16-0275,NF000649,StMatthew,0.989498866,1.739636341,1,1,8,breeding,57.245,-168.49333,5634
16-0277,NF000651,StMatthew,0.999617743,0.051659025,1,1,8,breeding,59.09167,-170.23,5636
16-0278,NF000652,Semidi,0.999987558,-0.371943435,1,1,7,breeding,58.76,-174.61333,5637
16-0279,NF000653,Pribilof,0.99632067,-0.429247614,1,1,8,breeding,58.72333,-173.78333,
16-0418,NF000657,StMatthew,0.998717989,0.472928123,1,1,2,nonbreeding,56.65,-167.595,
16-0419,NF000658,StMatthew,0.999972892,0.575239873,0,0,,,,,5718
16-0420,NF000659,Chagulak,0.999803081,-0.884280559,0,0,,,,,5719
16-0421,NF000660,Semidi,0.999896748,0.895792713,0,0,,,,,5720
16-0423,NF000662,StMatthew,0.995359871,-0.446741219,1,1,3,nonbreeding,56.11333,-164.14333,
16-0424,NF000663,Semidi,0.999073903,-0.034917668,1,1,3,nonbreeding,55.71,-163.48667,
16-0425,NF000664,Pribilof,0.999867398,0.03603667,1,1,5,breeding,57.50833,-173.28833,
16-0427,NF000666,Pribilof,0.999729725,1.006572495,0,1,,,53.88333,-166.53333,5726
16-0428,NF000667,Pribilof,0.99847803,1.440251799,1,1,6,breeding,52.02,-171.86,
16-0429,NF000668,Semidi,0.99973832,1.288668262,0,0,,,,,5728
16-0580,NF000948,Pribilof,0.995008054,1.239241903,1,1,6,breeding,56.43833,-168.805,6024
16-0581,NF000949,Semidi,0.941745024,-0.528275025,1,1,8,breeding,59.58,-177.825,6025
16-0584,NF000952,StMatthew,0.998452386,-0.445844367,1,1,7,breeding,57.24167,-168.105,6028
16-0585,NF000953,Semidi,0.9999604,0.067472537,1,1,8,breeding,57.785,-173.16667,6029
16-0587,NF000955,Chagulak,0.960521312,0.173944373,1,1,7,breeding,56.535,-170.395,6031
16-0588,NF000956,Semidi,0.997997642,0.938148587,1,1,5,breeding,57.57167,-171.27167,6032
16-0589,NF000957,Semidi,0.999834203,0.375369618,1,1,7,breeding,59.755,-177.18,6033
16-0591,NF000959,StMatthew,0.999996953,-1.269479446,1,1,7,breeding,56.41333,-171.12333,
16-0612,NF000961,Semidi,0.999972783,-0.507317177,1,1,10,nonbreeding,48.11,-125.37167,
16-0613,NF000962,Semidi,0.999921267,1.180469228,1,1,8,breeding,59.63,-177.05333,
16-0615,NF000964,Semidi,0.99304923,-0.174036926,1,1,11,nonbreeding,55.105,-167.18833,6059
16-0617,NF000966,StMatthew,0.998757103,1.365864615,1,1,11,nonbreeding,56.89833,-164.925,
16-0618,NF000967,Semidi,0.991943273,0.513090571,1,1,11,nonbreeding,59.655,-172.86333,6062
16-0619,NF000968,Pribilof,0.999616616,2.453203907,1,1,4,nonbreeding,56.87333,-165.74333,6063
16-0622,NF000971,Semidi,0.999865467,1.499137532,1,1,6,breeding,59.17194,-147.11778,6066
16-0623,NF000972,Semidi,0.998013305,-0.066823681,1,1,6,breeding,51.635,178.49167,6067
16-0624,NF000973,Semidi,0.999996718,0.230065975,1,1,6,breeding,51.57167,178.53167,6068
16-0625,NF000974,Semidi,0.999899447,-0.653698817,1,1,6,breeding,51.635,178.49167,6069
16-0629,NF000977,Chagulak,0.999917124,0.800227739,1,1,7,breeding,51.27833,179.16333,
16-0630,NF000978,Semidi,0.993259738,1.355574021,1,1,7,breeding,51.27833,179.16333,
16-0631,NF000979,Semidi,0.999997358,0.172965458,1,1,7,breeding,51.27833,179.16333,
16-0633,NF000981,Semidi,0.999920049,-0.213142535,1,1,5,breeding,54.67167,-165.88667,6077
16-0635,NF000983,Semidi,0.998441555,0.408475889,1,1,7,breeding,51.265,179.25667,
16-0636,NF000984,StMatthew,0.991356329,0.726443864,1,1,6,breeding,56.46833,-168.85833,6080
16-0637,NF000985,Pribilof,0.999415331,1.149748207,1,1,6,breeding,56.46833,-168.85833,6081
16-0640,NF000988,Pribilof,0.998211244,0.613872133,1,1,6,breeding,58.81667,-174.53667,6084
16-0642,NF000990,Semidi,0.99991457,1.113227623,1,1,8,breeding,55.01333,-166.94667,
16-0643,NF000991,Semidi,0.999971243,-0.932574496,1,1,1,nonbreeding,58.19333,-173.92167,6087
16-0645,NF000993,StMatthew,0.988812649,1.175769587,1,1,1,nonbreeding,58.19333,-173.92167,6089
16-0650,NF000996,Pribilof,0.999357726,1.106681181,1,1,5,breeding,56.67667,-169.51,
16-0652,NF000998,Pribilof,0.998316477,2.069884963,1,1,6,breeding,58.84,-169.98,6096
16-0653,NF000999,Pribilof,0.982276672,0.65364705,1,1,6,breeding,58.80333,-169.96333,6097
16-0657,NF001003,StMatthew,0.987750289,-0.031440198,1,1,6,breeding,58.99333,-171.35833,6101
16-0658,NF001004,Pribilof,0.999983964,0.175022268,1,1,7,breeding,59.79667,-172.95,6102
16-0660,NF001006,StMatthew,0.984652556,-0.070978655,1,1,7,breeding,57.76833,-170.925,6104
16-0662,NF001008,Pribilof,0.997891246,0.853577861,1,1,7,breeding,59.9,-172.905,6106
16-0663,NF001009,Pribilof,0.998301033,-0.361976445,1,1,7,breeding,59.23167,-170.27167,6107
16-0667,NF001013,Semidi,0.998661451,1.441652861,1,1,6,breeding,56.46833,-168.85833,6111
16-0670,NF001016,StMatthew,0.999906018,0.998190673,1,1,1,nonbreeding,57.545,-173.785,6114
17-0191,NF000669,Chagulak,0.999909582,-0.454535449,1,1,11,nonbreeding,59.77333,-172.83333,5746
17-0192,NF000670,Pribilof,0.996997155,0.491818555,1,1,11,nonbreeding,59.58,-172.73,5747
17-0193,NF000671,Pribilof,0.996466867,0.901846264,1,1,11,nonbreeding,59.68167,-172.90333,5748
17-0195,NF000673,Pribilof,0.988894633,0.86680433,1,1,11,nonbreeding,59.535,-172.375,5750
17-0197,NF000675,StMatthew,0.996357118,0.534731862,1,1,11,nonbreeding,58.10833,-169.14667,5752
17-0198,NF000676,StMatthew,0.99966484,-0.16475128,1,1,11,nonbreeding,58.10833,-169.14667,5753
17-0199,NF000677,StMatthew,0.999997396,1.106086133,1,1,11,nonbreeding,60.205,-178.075,5754
17-0200,NF000678,Semidi,0.958772236,0.612935537,1,1,11,nonbreeding,60.205,-178.075,5755
17-0204,NF000681,Semidi,0.990747591,0.314937079,1,1,2,nonbreeding,56.82167,-166.96667,
17-0206,NF000683,Semidi,0.999585179,0.670572458,1,1,2,nonbreeding,56.625,-171.405,5761
17-0210,NF000686,Pribilof,0.999973411,-0.039190229,1,1,2,nonbreeding,54.39333,-165.885,5765
17-0212,NF000688,Semidi,0.994895867,0.962153607,1,1,2,nonbreeding,55.96333,-168.74667,
17-0214,NF000690,Semidi,0.997751776,-0.291364843,1,1,2,nonbreeding,52.28333,-173.62333,5769
17-0215,NF000691,Chagulak,0.993654867,-0.654978003,1,1,3,nonbreeding,52.39,-173.75,5770
17-0216,NF000692,Semidi,0.99996565,-0.037604182,1,1,2,nonbreeding,54.59833,-165.22667,
17-0218,NF000694,Semidi,0.988938413,0.046999542,1,1,11,nonbreeding,59.68167,-172.90333,5773
17-0240,NF000697,Semidi,0.999270831,-0.572477766,1,1,1,nonbreeding,56.70333,-170.175,
17-0242,NF000699,StMatthew,0.999997519,-1.941587682,1,1,1,nonbreeding,56.64667,-166.21667,5795
17-0243,NF000700,StMatthew,0.998915077,1.718050198,1,1,1,nonbreeding,56.64667,-166.21667,5796
17-0244,NF000701,StMatthew,0.984077352,-0.284892327,1,1,1,nonbreeding,56.70333,-170.175,
17-0245,NF000702,StMatthew,0.997205612,1.152531015,1,1,1,nonbreeding,59.93833,-178.07833,5798
17-0247,NF000704,StMatthew,0.984569994,0.555280645,1,1,4,nonbreeding,58.165,-174.16,5800
17-0248,NF000705,Semidi,0.999619054,-0.028374774,1,1,4,nonbreeding,58.275,-173.905,5801
17-0249,NF000706,Pribilof,0.999891508,1.287102516,1,1,3,nonbreeding,57.30833,-168.41667,5802
17-0250,NF000707,Pribilof,0.999795799,0.242589543,1,1,12,nonbreeding,54.37667,-165.795,5803
17-0251,NF000708,StMatthew,0.998628135,-0.575880976,1,1,2,nonbreeding,54.50333,-165.94167,5804
17-0254,NF000711,Pribilof,0.998749523,0.433858317,1,1,4,nonbreeding,57.37833,-171.88333,5807
17-0257,NF000714,Chagulak,0.986427768,-1.981988316,1,1,4,nonbreeding,57.37833,-171.88333,5810
17-0259,NF000716,Semidi,0.999502168,1.009481556,1,1,2,nonbreeding,56.57667,-170.48,5812
17-0260,NF000717,Semidi,0.992702851,2.098997181,1,1,2,nonbreeding,56.49333,-171.65833,5813
17-0262,NF000719,Semidi,0.99802305,0.383726201,1,1,2,nonbreeding,55.33333,-163.66667,5815
17-0266,NF000723,StMatthew,0.998120191,0.938801755,1,1,9,breeding,56.01833,-169.81667,5819
17-0267,NF000724,Semidi,0.992555879,-0.511922841,1,1,11,nonbreeding,59.68167,-172.90333,5820
17-0268,NF000725,Pribilof,0.995187844,0.358384661,1,1,9,breeding,55.18833,-167.65333,5821
17-0276,NF000730,StMatthew,0.969788854,1.215676905,1,1,11,nonbreeding,56.04167,-169.64333,5829
17-0315,NF000734,Pribilof,0.996796975,0.470394388,1,1,4,nonbreeding,59.31667,-174.95833,5854
17-0316,NF000735,Pribilof,0.999567252,1.121370721,1,1,4,nonbreeding,56.17167,-170.475,5855
17-0317,NF000736,StMatthew,0.978514155,-0.380310453,1,1,5,breeding,59.49167,-174.94333,5856
17-0342,NF000737,StMatthew,0.999669905,0.656189671,1,1,10,nonbreeding,58.645,-177.405,5881
17-0343,NF000738,Pribilof,0.999406995,0.94076975,1,1,7,breeding,59.39833,-170.47833,5882
17-0344,NF000739,StMatthew,0.999730066,-0.417211987,1,1,4,nonbreeding,59.39833,-170.47833,5883
17-0345,NF000740,StMatthew,0.999534894,-1.286923353,1,1,4,nonbreeding,58.495,-174.15167,5884
17-0347,NF000742,StMatthew,0.996938779,0.766539351,1,1,11,nonbreeding,54.99167,-167.34167,5886
17-0351,NF000743,Pribilof,0.999601934,-0.172167959,1,1,11,nonbreeding,56.54667,-169.84167,5890
17-0353,NF000745,Pribilof,0.999913055,0.946912367,0,0,,,,,5892
17-0355,NF000746,StMatthew,0.997434502,-0.406831722,1,1,11,nonbreeding,59.32167,-175.15,
17-0356,NF000747,StMatthew,0.998941407,-0.712201896,1,1,11,nonbreeding,59.29833,-174.79833,
17-0357,NF000748,Pribilof,0.999943402,0.539684509,1,1,11,nonbreeding,59.68667,-178.35833,5895
17-0359,NF000750,Semidi,0.99994297,0.865184259,1,1,11,nonbreeding,59.38833,-175.86,5897
17-0361,NF000752,Semidi,0.988648633,1.309102969,1,1,11,nonbreeding,56.8,-172.29,
17-0362,NF000753,Semidi,0.997963931,0.809477791,1,1,10,nonbreeding,58.87,-175.145,5900
17-0364,NF000754,Chagulak,0.999895444,-0.121724325,1,1,10,nonbreeding,59.18167,-176.355,5902
17-0365,NF000755,StMatthew,0.996186596,0.798948638,1,1,10,nonbreeding,59.85333,-177.98667,5903
17-0366,NF000756,Semidi,0.999874544,0.131442665,1,1,10,nonbreeding,55.08167,-165.30167,
17-0368,NF000758,Semidi,0.998105173,0.392671197,1,1,11,nonbreeding,55.25,-167.74167,5906
17-0370,NF000760,StMatthew,0.992685866,-0.238198022,1,1,11,nonbreeding,58.105,-167.49333,5908
17-0371,NF000761,StMatthew,0.990012585,0.983051644,1,1,11,nonbreeding,58.105,-167.49333,5909
17-0372,NF000762,Chagulak,0.999781157,-0.020297112,1,1,11,nonbreeding,58.99167,-175.60333,5910
17-0375,NF000765,Semidi,0.990921272,-0.355673697,1,1,11,nonbreeding,59.38333,-175.75833,5913
17-0376,NF000766,Chagulak,0.999445181,0.208833029,1,1,11,nonbreeding,57.27667,-173.83833,5914
17-0377,NF000767,Chagulak,0.957822299,-1.35583717,1,1,11,nonbreeding,59.76667,-178.09667,5915
17-0378,NF000768,Semidi,0.998919953,0.219425803,1,1,11,nonbreeding,58.94,-173.81833,5916
17-0382,NF000772,Pribilof,0.989974159,1.609795499,1,1,5,breeding,59.395,-173.47833,5920
17-0384,NF000774,Chagulak,0.999569534,0.342181697,1,1,7,breeding,51.265,179.25667,
17-0387,NF000777,Semidi,0.99964477,1.625892264,1,1,6,breeding,51.64667,178.455,5925
17-0391,NF000781,Semidi,0.998943036,0.746206973,1,1,6,breeding,51.635,178.49167,
17-0393,NF000783,Chagulak,0.999727713,0.057591631,1,1,6,breeding,51.64333,178.44667,5931
17-0395,NF000785,Semidi,0.986350509,-0.313465391,1,1,4,nonbreeding,58.11333,-172.53833,5933
17-0396,NF000786,Pribilof,0.999708752,0.844527129,1,1,7,breeding,59.39667,-170.855,5934
17-0397,NF000787,StMatthew,0.999968355,-1.978196832,1,1,7,breeding,59.47833,-171.17667,
17-0399,NF000789,StMatthew,0.999360156,0.930963314,1,1,7,breeding,59.47833,-171.17667,
17-0400,NF000790,StMatthew,0.997212726,-1.395055312,1,1,7,breeding,58.64,-170.65,5938
17-0404,NF000794,Pribilof,0.99922517,-1.391408794,1,1,4,nonbreeding,58.11333,-172.53833,5942
17-0405,NF000795,StMatthew,0.999838687,-0.512968618,1,1,4,nonbreeding,57.18667,-169.47667,5943
17-0406,NF000796,Pribilof,0.99914209,1.286169024,1,1,4,nonbreeding,58.775,-177.60167,
17-0409,NF000798,StMatthew,0.991753507,-0.528603345,1,1,7,breeding,56.53667,-171.54167,5947
17-0410,NF000799,Semidi,0.978368811,0.794147555,1,1,6,breeding,56.04,-169.82167,5948
17-0411,NF000800,Chagulak,0.999301369,0.114055481,1,1,10,nonbreeding,54.45167,-165.59167,5949
17-0412,NF000801,Pribilof,0.999798345,-1.340740787,1,1,9,breeding,56.47833,-165.6,5950
17-0413,NF000802,Semidi,0.999885508,0.85264254,1,1,6,breeding,55.605,-168.18667,5951
17-0415,NF000804,StMatthew,0.993656317,-0.725958715,1,1,10,nonbreeding,54.445,-165.435,5953
17-0414,NF000805,Semidi,0.998911688,0.650290485,1,1,6,breeding,56.56333,-172.07667,5952
17-0416,NF000806,Semidi,0.99903426,1.026924325,1,1,6,breeding,59.49333,-177.735,5954
18-0034,NF000810,Semidi,0.999900577,0.915590111,1,1,10,nonbreeding,45.13,-124.70333,
18-0035,NF000811,Semidi,0.998556594,1.327552735,1,1,10,nonbreeding,45.63333,-124.83333,
18-0037,NF000813,Semidi,0.999998697,-2.432469388,1,1,11,nonbreeding,48.09167,-125.77833,
18-0039,NF000815,Semidi,0.997261093,-0.761399397,1,1,11,nonbreeding,48.09167,-125.77833,
18-0040,NF000816,Semidi,0.99993291,-0.043743661,1,1,11,nonbreeding,48.09167,-125.77833,
18-0041,NF000817,Pribilof,0.99949787,1.68227873,1,1,11,nonbreeding,45.11,-125.09833,
18-0043,NF000818,Semidi,0.997671266,1.043983743,1,1,10,nonbreeding,47.89333,-125.57167,
18-0044,NF000819,Semidi,0.996267379,1.748651465,1,1,11,nonbreeding,42.25167,-124.63333,
18-0046,NF000821,Semidi,0.997647868,0.11500103,1,1,11,nonbreeding,46.79167,-125.04,
18-0059,NF000824,Pribilof,0.996655951,0.920754132,1,1,9,breeding,55.15,-167.67167,6151
18-0060,NF000825,StMatthew,0.997949895,-0.148852012,1,1,10,nonbreeding,59.74,-171.805,6152
18-0061,NF000826,StMatthew,0.999968197,0.489485145,1,1,8,breeding,60.3,-172.83333,6153
18-0063,NF000828,StMatthew,0.999234093,-1.047469724,1,1,10,nonbreeding,59.085,-172.665,6155
18-0064,NF000829,Semidi,0.961712931,0.899219094,1,1,8,breeding,60.3,-172.83333,6156
18-0065,NF000830,StMatthew,0.999072384,0.607175133,1,1,9,breeding,60.08167,-172.03306,6157
18-0066,NF000831,Semidi,0.99993526,1.714533617,1,1,10,nonbreeding,54.92333,-166.96,6158
18-0067,NF000832,StMatthew,0.999917583,0.30414422,1,1,10,nonbreeding,59.86,-172.325,6159
18-0069,NF000833,StMatthew,0.993062445,0.754088276,1,1,10,nonbreeding,60.45167,-179.075,6161
18-0070,NF000834,Semidi,0.997674592,0.44150055,1,1,9,breeding,56.15833,-167.84333,6162
18-0071,NF000835,Semidi,0.999629821,0.373828655,1,1,10,nonbreeding,54.105,-166.39528,6163
18-0074,NF000838,Semidi,0.989839374,0.217893032,1,1,3,nonbreeding,59.52611,-144.26139,6166
18-0075,NF000839,StMatthew,0.980151098,0.905704033,1,1,10,nonbreeding,58.89167,-171.96667,6167
18-0120,NF000844,Semidi,0.997220203,-0.395031285,1,1,9,breeding,58.055,-166.925,6188
18-0121,NF000845,Pribilof,0.993905707,-0.638809719,1,1,10,nonbreeding,59.74,-171.805,6189
18-0124,NF000848,StMatthew,0.998590724,0.480680843,1,1,12,nonbreeding,59.17667,-174.89833,6192
18-0127,NF000851,Pribilof,0.987504371,0.325485014,1,1,8,breeding,60.28333,-172.8,6195
18-0128,NF000852,Pribilof,0.999604111,2.028956685,1,1,10,nonbreeding,58.725,-171.95833,6196
18-0129,NF000853,StMatthew,0.993231801,1.949740204,1,1,6,breeding,59.3,-178.45,6197
18-0130,NF000854,Chagulak,0.999078821,1.5865757,1,1,10,nonbreeding,59.06528,-172.77667,6198
18-0288,NF002087,Pribilof,0.999262381,1.444526885,1,1,4,nonbreeding,57.73167,-172.52833,6199
18-0289,NF002088,Semidi,0.999358092,-0.450162272,1,1,10,nonbreeding,59.29333,-178.45833,6200
18-0291,NF002090,Semidi,0.997062307,0.904878058,1,1,11,nonbreeding,53.76833,-165.47333,6202
18-0293,NF002092,Semidi,0.999813348,1.325527609,1,1,11,nonbreeding,59.63,-176.775,6204
18-0294,NF002093,Semidi,0.999965096,0.427635169,1,1,12,nonbreeding,59.17667,-174.89833,6205
18-0297,NF002096,StMatthew,0.999645771,0.288704504,1,1,8,breeding,60.05167,-173.38,6208
18-0298,NF002097,Semidi,0.998247326,1.125541032,1,1,11,nonbreeding,57.23333,-165.48833,6209
18-0299,NF002098,Pribilof,0.999704085,-0.753953726,1,1,8,breeding,61.1,-172.765,6210
18-0300,NF002099,Semidi,0.995404754,0.518187121,1,1,11,nonbreeding,54.99167,-167.34167,6211
18-0329,NF002104,StMatthew,0.999791005,1.588885438,1,1,11,nonbreeding,56.63333,-166.22667,6224
18-0330,NF002105,Pribilof,0.999813483,0.62397343,1,1,10,nonbreeding,61.04333,-176.21,6225
18-0333,NF002108,StMatthew,0.997012472,0.40543067,1,1,8,breeding,56.90167,-173.40833,6228
18-0335,NF002110,Semidi,0.992218853,-1.566313769,1,1,11,nonbreeding,56.675,-166.09,6230
18-0336,NF002111,Semidi,0.999870357,-1.42415378,1,1,7,breeding,55.70167,-168.59667,6231
18-0337,NF002112,Chagulak,0.999995745,2.098357871,1,1,8,breeding,56.08667,-168.47833,6232
18-0345,NF002120,Pribilof,0.999673452,1.649101674,1,1,7,breeding,60.14333,-173.56167,6240
18-0347,NF002122,StMatthew,0.993786307,-1.692955973,1,1,6,breeding,60.11667,-177.97,6242
18-0348,NF002123,StMatthew,0.998250066,0.211884351,1,1,9,breeding,59.765,-173.045,6243
18-0349,NF002124,StMatthew,0.9825071,-0.126161029,1,1,8,breeding,60.31333,-173.34833,6244
18-0350,NF002125,Semidi,0.999496529,1.055676134,1,1,8,breeding,60.31333,-173.34833,6245
18-0353,NF002128,Chagulak,0.999785623,-0.383613227,1,1,8,breeding,59.34333,-174.495,6258
18-0354,NF002129,Chagulak,0.999951332,-1.649258241,1,1,11,nonbreeding,59,-174.72833,6249
18-0356,NF002131,Semidi,0.999999176,-1.084165333,1,1,10,nonbreeding,55.115,-167.30167,6251
18-0358,NF002133,StMatthew,0.999939957,1.454458164,1,1,10,nonbreeding,59.64833,-171.90833,6253
18-0376,NF002135,Semidi,0.999975064,1.532667314,1,1,8,breeding,51.7,178.185,6261
18-0377,NF002136,Pribilof,0.999897011,0.080095646,1,1,8,breeding,51.7,178.185,6262
18-0378,NF002137,StMatthew,0.998801886,-0.2960713,1,1,10,nonbreeding,59.54,-173.53333,6263
18-0379,NF002138,Pribilof,0.999510703,1.703815976,1,1,9,breeding,58.815,-176.115,6264
18-0382,NF002141,Chagulak,0.996528771,-1.933016042,1,1,7,breeding,55.84333,-165.25667,
18-0383,NF002142,Semidi,0.999893608,0.920089526,0,0,,,,,6268
18-0386,NF002145,StMatthew,0.995506206,0.494494804,1,1,8,breeding,57.395,-165.145,6271
18-0387,NF002146,Pribilof,0.995169232,1.613273134,1,1,4,nonbreeding,57.145,-167.835,6272
18-0388,NF002147,StMatthew,0.985365918,0.558422906,1,1,7,breeding,55.60667,-168.53333,6273
,,,,,1009,1005,,,,,